branch_id,name,image,address,province_id,district_id,sub_district_id,postal_code,telp1,telp2,telp3,fax1,fax2,fax3,latitude,longitude,gmaps_link
1,Adira Finance Tebet - Jakarta Selatan,adira-cabang-tebet-jakarta-selatan-1713269343.webp,"Jl. KH Abdullah Syafei No.50 Blok A-C, RT.12/RW.9, Bukit Duri",31,3171,3171090,12780,217902829,2179187576,,2179191878,,,-6.2249114,106.8564082,"https://www.google.com/maps/embed?pb=!1m18!1m12!1m3!1d3966.294006026587!2d106.85640819678954!3d-6.224911399999991!2m3!1f0!2f0!3f0!3m2!1i1024!2i768!4f13.1!3m3!1m2!1s0x2e69f3b9aaaaaaab%3A0x2a0bdbaf66d53a35!2sAdira%20Finance!5e0!3m2!1sid!2sid!4v1713268904572!5m2!1sid!2sid"""
2,Adira Finance Pondok Indah Baru - Jakarta Selatan,adira-cabang-pondok-indah-jakarta-selatan-1713269880.webp,"Ruko Plaza 5 Bl. C, Jl. Margaguna Raya, RT.4/RW.11, Gandaria Utara",31,3171,3171060,12140,217233336,217233338,217233339,217233337,,,-6.2629141,106.7845455,https://www.google.com/maps/embed?pb=!1m18!1m12!1m3!1d3966.0061875086776!2d106.7845454750818!3d-6.2629140613148735!2m3!1f0!2f0!3f0!3m2!1i1024!2i768!4f13.1!3m3!1m2!1s0x2e69f1aabcee0059%3A0xc4c7b5e7170ce7ae!2sAdira%20Finance%20Pondok%20Indah%20Baru!5e0!3m2!1sid!2sid!4v1713269776472!5m2!1sid!2sid
3,Adira Finance Ciledug - Tangerang,adira-cabang-ciledug-tangerang-1713270113.webp,"Jl. HOS Cokroaminoto Gg. Rw. I No.1 6, RT.001/RW.005, Sudimara Timur",36,3671,3671010,15151,2173446773,217323669,,217323662,,,-6.2272064,106.711915,https://www.google.com/maps/embed?pb=!1m18!1m12!1m3!1d3966.276674319199!2d106.71191497508137!3d-6.227206360986402!2m3!1f0!2f0!3f0!3m2!1i1024!2i768!4f13.1!3m3!1m2!1s0x2e69fb74598b8c01%3A0xf8a8f8bcab454801!2sAdira%20Finance%20Cab%20Ciledug%20Baru!5e0!3m2!1sid!2sid!4v1713270014423!5m2!1sid!2sid
4,Adira Finance Alam Sutera - Tangerang,adira-cabang-alam-sutera-tangerang-1713270325.webp,"Jl. Raya Serpong Kilometer 7 No.38, Pakulonan",36,3674,3674070,15325,2153124550,2153124573,,2153124559,,,-6.2511544,106.6482111,https://www.google.com/maps/embed?pb=!1m18!1m12!1m3!1d3966.095437301347!2d106.64821107508162!3d-6.251154411206473!2m3!1f0!2f0!3f0!3m2!1i1024!2i768!4f13.1!3m3!1m2!1s0x2e69fb964d60234b%3A0x9466abed1caa4058!2sAdira%20Alam%20Sutera%20Otomotif!5e0!3m2!1sid!2sid!4v1713270245528!5m2!1sid!2sid
5,Adira Finance Citra Raya - Cikupa,adira-cabang-citra-raya-cikupa-1713270860.webp,"Perumahan Citra Raya, Boulevard Raya Citra Raya Blok L 01 / 15 R",36,3603,3603030,15710,2159400382,,,,,,-6.2349148,106.5155256,https://www.google.com/maps/embed?pb=!1m18!1m12!1m3!1d7932.436826152624!2d106.51552558986896!3d-6.234914798019691!2m3!1f0!2f0!3f0!3m2!1i1024!2i768!4f13.1!3m3!1m2!1s0x2e42075b392b46ad%3A0x499f0a6e8c2892b8!2sAdira%20Finance%20Cikupa!5e0!3m2!1sid!2sid!4v1713270778367!5m2!1sid!2sid
6,Adira Finance Pasar Baru - Tangerang,adira-cabang-pasar-baru-tangerang-1713271149.webp,"Jl. Moh. Toha No.14CD, RT.001/RW.005, Gerendeng",36,3671,3671031,15113,215537799,,,215537798,215537897,,-6.1704144,106.6210982,https://www.google.com/maps/embed?pb=!1m18!1m12!1m3!1d3966.703701764191!2d106.62109817508072!3d-6.170414360468295!2m3!1f0!2f0!3f0!3m2!1i1024!2i768!4f13.1!3m3!1m2!1s0x2e69ff322ea716d7%3A0x6d8fd476d57a2579!2sPT.%20ADIRA%20FINANCE%200128%20PS.%20BARU!5e0!3m2!1sid!2sid!4v1713271042298!5m2!1sid!2sid
7,Adira Finance Ciputat - Tangerang Selatan,adira-cabang-ciputat-tangerang-selatan-1713271496.webp,"Komplek Ruko Ciputat LOT, Jl. Dewi Sartika No.Kav.22-23, RT.02/RW.09, Ciputat",36,3674,3674040,15411,217415209,217403679,,217406974,,,-6.3184827,106.7432908,https://www.google.com/maps/embed?pb=!1m18!1m12!1m3!1d3965.582190036174!2d106.74329077508247!3d-6.318482661830189!2m3!1f0!2f0!3f0!3m2!1i1024!2i768!4f13.1!3m3!1m2!1s0x2e69efea1327651d%3A0x55de2beef905de75!2sAdira%20Finance%20Ciputat!5e0!3m2!1sid!2sid!4v1713271308579!5m2!1sid!2sid
8,Adira Finance Ketapang - Jakarta Pusat,adira-cabang-ketapang-jakarta-pusat-1713275140.webp,"Jalan KH Zainul Arifin Blok A3-A4 No. 27, Petojo Utara, Gambir, RT.8, Jl. Kyai Haji Zainul Arifin No.27A, RT.8/RW.1, Petojo Utara",31,3173,3173080,10130,216322707,216322708,,216322709,2163859422,,-6.1605506,106.8128176,https://www.google.com/maps/embed?pb=!1m18!1m12!1m3!1d3966.777471921427!2d106.81281757508052!3d-6.160550560378808!2m3!1f0!2f0!3f0!3m2!1i1024!2i768!4f13.1!3m3!1m2!1s0x2e69f6743c0f55c1%3A0x82896964213fc311!2sAdira%20Finance!5e0!3m2!1sid!2sid!4v1713275049798!5m2!1sid!2sid
9,Adira Finance Daan Mogot - Kalideres,adira-cabang-daan-mogot-jakarta-barat-1713275338.webp,"Ruko Daan Mogot Baru, Jl. Tanah Lot No.15 Blok LC 14, RT.8/RW.12, Kalideres",31,3174,3174080,11840,2154376721,2154376789,,2154376342,,,-6.149573,106.711239,https://www.google.com/maps/embed?pb=!1m18!1m12!1m3!1d3966.8594338246585!2d106.71123897508039!3d-6.149572960279451!2m3!1f0!2f0!3f0!3m2!1i1024!2i768!4f13.1!3m3!1m2!1s0x2e69f8171f9d9f2f%3A0xa8d309ac5ca19f2b!2sADIRA%20Daan%20Mogot!5e0!3m2!1sid!2sid!4v1713275273794!5m2!1sid!2sid
10,Adira Finance Latumenten - Jakarta Barat,adira-cabang-latumenten-jakarta-barat-1713275528.webp,"Jl. Prof. DR. Latumeten.33, Jl. Prof. Dr. Latumeten No.29071301, RT.13/RW.1, Jemb. Besi",31,3174,3174050,11320,2129071301,2129071302,,2129071303,2129071304,,-6.154622,106.7936389,https://www.google.com/maps/embed?pb=!1m18!1m12!1m3!1d3966.821754630965!2d106.7936388750805!3d-6.154621960325119!2m3!1f0!2f0!3f0!3m2!1i1024!2i768!4f13.1!3m3!1m2!1s0x2e69f6150848d6d5%3A0x1c4c770bb6d90ae!2sADIRA%20FINANCE!5e0!3m2!1sid!2sid!4v1713275460010!5m2!1sid!2sid
11,Adira Finance Sentra Cikarang - Cikarang,adira-cabang-sentra-cikarang-1713275743.webp,"Komp. Ruko Bagasasi/ Sentra Cikarang Blok B 20-22, Jl. Raya Cibarusah RT 12 RW 005",32,3216,3216023,17550,2189117744,2189117745,2189117746,2189117746,,,-6.2363828,106.8115813,https://www.google.com/maps/embed?pb=!1m18!1m12!1m3!1d253837.26780383365!2d106.8115813423844!3d-6.236382823519739!2m3!1f0!2f0!3f0!3m2!1i1024!2i768!4f13.1!3m3!1m2!1s0x2e699aeffb1876e3%3A0xd02f0d94c1cfebd7!2sAdira%20Finance%20Cab.Cikarang!5e0!3m2!1sid!2sid!4v1713275673319!5m2!1sid!2sid
12,Adira Finance Jatirahayu - Pondok Gede,adira-cabang-jatirahayu-pondok-melati-1713275958.webp,"Pondok Gede Jl Raya Hankam ruko No 60, RT.005/RW.002, Jatirahayu",32,3275,3275012,17414,2184995340,,,,,,-6.2885743,106.896083,https://www.google.com/maps/embed?pb=!1m18!1m12!1m3!1d15863.24343708512!2d106.89608298715818!3d-6.288574299999993!2m3!1f0!2f0!3f0!3m2!1i1024!2i768!4f13.1!3m3!1m2!1s0x2e698d1f20064351%3A0xe554ea2e55a4bf3e!2sAdira%20finance%20gadai%20bpkb!5e0!3m2!1sid!2sid!4v1713275863768!5m2!1sid!2sid
13,Adira Finance Tambun - Bekasi,adira-cabang-tambun-bekasi-1713276143.webp,Ruko Permata Metropolitan Blok A3 No. 31-33 Jl. Sultan Hasanudin,32,3216,3216081,17729,218831881,,,2188366581,,,-6.2664181,107.0696754,https://www.google.com/maps/embed?pb=!1m18!1m12!1m3!1d3965.9795616143674!2d107.06967537508179!3d-6.266418061347202!2m3!1f0!2f0!3f0!3m2!1i1024!2i768!4f13.1!3m3!1m2!1s0x2e698fbeb649770b%3A0xe973cbc52c628461!2sPT%20Adira%20Dinamika%20Multi%20Finance%20Tambun%20(Bekasi%202)!5e0!3m2!1sid!2sid!4v1713276076785!5m2!1sid!2sid
14,Adira Finance Harapan Indah - Bekasi,adira-cabang-harapan-indah-bekasi-1713276304.webp,"Jl. Harapan Indah Boulevard No.3, Medan Satria",32,3275,3275061,17132,2188866352,2188866355,,,,,-6.1793818,106.9719175,https://www.google.com/maps/embed?pb=!1m18!1m12!1m3!1d3966.636533649949!2d106.9719174750807!3d-6.179381760549752!2m3!1f0!2f0!3f0!3m2!1i1024!2i768!4f13.1!3m3!1m2!1s0x2e698ba28bf7d2fb%3A0x7f3288cdf70ee212!2sAdira%20Finance!5e0!3m2!1sid!2sid!4v1713276244474!5m2!1sid!2sid
15,Adira Finance Cikarang - Bekasi,adira-cabang-cikarang-bekasi-1713276524.webp,"Komplek Ruko Cikarang Square, Jl. Raya Cikarang - Cibarusah No.B12, Pasirsari",32,3216,3216023,17530,2189119761,2189119762,2189119763,2189119765,,,-6.2489526,106.9831314,https://www.google.com/maps/embed?pb=!1m18!1m12!1m3!1d126915.58814260447!2d106.98313139567041!3d-6.248952587906!2m3!1f0!2f0!3f0!3m2!1i1024!2i768!4f13.1!3m3!1m2!1s0x2e699ba0a0e1ebd7%3A0xa0ffc8f8d7b78d2a!2sAdira%20Bekasi%205%20Mobil%20Ckr!5e0!3m2!1sid!2sid!4v1713276455099!5m2!1sid!2sid
16,Adira Finance Ahmad Yani - Serang,adira-cabang-ahmad-yani-serang-1713281858.webp,"Jl. Jenderal Ahmad Yani Serang No.26, Sumurpecung",36,3673,3673040,42117,254209810,254210321,,254209818,,,-6.1197175,106.164822,https://www.google.com/maps/embed?pb=!1m18!1m12!1m3!1d1983.5408032159653!2d106.16482198860653!3d-6.119717531540567!2m3!1f0!2f0!3f0!3m2!1i1024!2i768!4f13.1!3m3!1m2!1s0x2e41f528dad6a633%3A0xc29b81d29a95cdf9!2sPT.%20Adira%20Dinamika%20Multi%20Finance%20Tbk!5e0!3m2!1sid!2sid!4v1713281792885!5m2!1sid!2sid
17,Adira Finance Ahmad Yani - Cilegon,adira-cabang-cilegon-1713282075.webp,"Jl. Temu Putih No. 86 B Rt. 02/13, Masigit",36,3672,3672031,42414,254209810,254210321,,254209818,,,-6.0258364,106.0303605,https://www.google.com/maps/embed?pb=!1m18!1m12!1m3!1d31742.1857182267!2d106.030360547206!3d-6.02583635387773!2m3!1f0!2f0!3f0!3m2!1i1024!2i768!4f13.1!3m3!1m2!1s0x2e418e6ce4848597%3A0xde4f45337539370a!2sKantor%20Representative%20Office%20RO%20Adira%20Finance!5e0!3m2!1sid!2sid!4v1713282019289!5m2!1sid!2sid
18,Adira Finance Rangkas Bitung - Lebak,adira-cabang-rangkasbitung-lebak-1713282232.webp,"Jl. Mutatuli No.38 A, Muara Ciujung Barat",36,3602,3602180,42312,8121117118,,,,,,-6.3463751,106.2355849,https://www.google.com/maps/embed?pb=!1m18!1m12!1m3!1d3965.3679604029912!2d106.23558487508284!3d-6.346375062090764!2m3!1f0!2f0!3f0!3m2!1i1024!2i768!4f13.1!3m3!1m2!1s0x2e42172bf3628385%3A0xefa30c29dbda0c12!2sAdira%20Dinamika%20Multifinance!5e0!3m2!1sid!2sid!4v1713282165769!5m2!1sid!2sid
19,Adira Finance Mall Cileungsi - Cileungsi,adira-cabang-cileungsi-1713282467.webp,"Mal Cileungsi Indah, JL. Raya Narogong, Blok C/15-16, Cileungsi, Klapanunggal",32,3201,3201210,16820,2182496928,2182496929,,2182480306,2182480303,,-6.441819,106.8733653,https://www.google.com/maps/embed?pb=!1m18!1m12!1m3!1d63434.044590152924!2d106.87336534863277!3d-6.441818999999998!2m3!1f0!2f0!3f0!3m2!1i1024!2i768!4f13.1!3m3!1m2!1s0x2e69957246bc8f91%3A0xfe8667c4ab06a74b!2sRumah%20Cluster%20Adira!5e0!3m2!1sid!2sid!4v1713282396183!5m2!1sid!2sid
20,Adira Finance Margonda - Depok,adira-cabang-margonda-depok-1713282671.webp,"Jl. Margonda No.88 A-C, Kemiri Muka",32,3276,3276050,16423,2177204222,2177204333,2177204888,2177200022,2177205111,,-6.3837169,106.8270708,https://www.google.com/maps/embed?pb=!1m18!1m12!1m3!1d3965.0796827418426!2d106.82707077508326!3d-6.383716862441557!2m3!1f0!2f0!3f0!3m2!1i1024!2i768!4f13.1!3m3!1m2!1s0x2e69ebf9d5ef8259%3A0x98879cbef66dac70!2sAdira%20Finance!5e0!3m2!1sid!2sid!4v1713282603522!5m2!1sid!2sid
21,Adira Finance Juanda - Depok,adira-cabang-juanda-depok-1713282920.webp,Jl. Margonda Raya No 88 A-C,32,3276,3276050,16423,2177207408,,,2177207409,,,-6.3869628,106.7913828,https://www.google.com/maps/embed?pb=!1m18!1m12!1m3!1d31720.436354488902!2d106.79138276159563!3d-6.386962841065391!2m3!1f0!2f0!3f0!3m2!1i1024!2i768!4f13.1!3m3!1m2!1s0x2e69ebf9d5ef8259%3A0x98879cbef66dac70!2sAdira%20Finance!5e0!3m2!1sid!2sid!4v1713282802280!5m2!1sid!2sid
22,Adira Finance Cimanggis - Depok,adira-cabang-cimanggis-depok-1713283101.webp,"Jl. Raya Jakarta-Bogor No.KM.31, RT.1/RW.5, Cisalak, Kec. Cimanggis, Kota Depok, Jawa Barat",32,3276,3276040,16452,2187714717,2187714727,,2187714730,,,-6.3755796,106.8605514,https://www.google.com/maps/embed?pb=!1m18!1m12!1m3!1d3965.142645994708!2d106.8605513750833!3d-6.375579562364952!2m3!1f0!2f0!3f0!3m2!1i1024!2i768!4f13.1!3m3!1m2!1s0x2e69ec7e6a43e6db%3A0x9a7802c511d05747!2sAdira%20Cimanggis!5e0!3m2!1sid!2sid!4v1713283023263!5m2!1sid!2sid
23,Adira Finance Sawangan - Depok,adira-cabang-sawangan-depok-1713283334.webp,"Jl. Raya Sawangan No.32, Rangkapan Jaya",32,3276,3276020,16436,2177883737,2177885302,,2177886259,,,-6.3941585,106.7885129,https://www.google.com/maps/embed?pb=!1m18!1m12!1m3!1d3964.9987725589285!2d106.78851287508338!3d-6.394158462540081!2m3!1f0!2f0!3f0!3m2!1i1024!2i768!4f13.1!3m3!1m2!1s0x2e69e939ad12552f%3A0x6a9786c19c99498d!2sAdira%20Finance%20Sawangan!5e0!3m2!1sid!2sid!4v1713283236577!5m2!1sid!2sid
24,Adira Finance Tajur - Bogor,adira-cabang-tajur-bogor-1713283580.webp,"Jl. Raya Tajur No.162e, RT.01/RW.06, Pakuan",32,3271,3271010,16134,2518390372,2518390373,,2518384222,,,-6.6364867,106.8264765,https://www.google.com/maps/embed?pb=!1m18!1m12!1m3!1d3963.084027112942!2d106.8264764750865!3d-6.6364866648761005!2m3!1f0!2f0!3f0!3m2!1i1024!2i768!4f13.1!3m3!1m2!1s0x2e69c8af8300001d%3A0x95db940fdfa06132!2sKredit%20Adira%20finance%20bogor%201%20-%20marketing!5e0!3m2!1sid!2sid!4v1713283487280!5m2!1sid!2sid
25,Adira Finance Soleh Iskandar - Bogor,adira-cabang-soleh-iskandar-bogor-1713283791.webp,"Jl. Sholeh Iskandar, RT.05/RW.09, Kedungbadak",32,3271,3271060,16164,2518390372,2518390373,,2518384222,,,-6.636304,106.7466496,https://www.google.com/maps/embed?pb=!1m18!1m12!1m3!1d126818.73590639318!2d106.74664955066585!3d-6.636304007394354!2m3!1f0!2f0!3f0!3m2!1i1024!2i768!4f13.1!3m3!1m2!1s0x2e69c46b5a508161%3A0xbe2247bd245c5f5f!2sAdira%20Finance%20Cabang%20Bogor%203!5e0!3m2!1sid!2sid!4v1713283702968!5m2!1sid!2sid
26,Adira Finance Cibinong - Bogor,adira-cabang-cibinong-bogor-1713284021.webp,"Jl. Raya Jakarta-Bogor No.8, Cirimekar",32,3201,3201210,16917,2187908409,2187908410,,2187908900,,,-6.4725039,106.847153,https://www.google.com/maps/embed?pb=!1m18!1m12!1m3!1d3964.3874867753852!2d106.84715297508448!3d-6.472503863284844!2m3!1f0!2f0!3f0!3m2!1i1024!2i768!4f13.1!3m3!1m2!1s0x2e69c1c4d000338f%3A0x152b7cdca13979c5!2sAdira%20Finance!5e0!3m2!1sid!2sid!4v1713283915246!5m2!1sid!2sid
27,Adira Finance Soekarno Hatta - Bandung,adira-cabang-soekarno-hatta-bandung-1713284457.webp,"Gedung Adira, Jl. Soekarno Hatta No.380, Kb. Lega",32,3273,3273040,40112,2288882452,,,2288882594,225229716,,-6.947873,107.5632042,https://www.google.com/maps/embed?pb=!1m18!1m12!1m3!1d31684.156421590036!2d107.56320417431641!3d-6.947872999999975!2m3!1f0!2f0!3f0!3m2!1i1024!2i768!4f13.1!3m3!1m2!1s0x2e68e894dc60d33d%3A0xfc89786f3f56cc7c!2sATM%20Bank%20Danamon%20Adira%20Soekarno-Hatta%20Bandung!5e0!3m2!1sid!2sid!4v1713284377345!5m2!1sid!2sid
28,Adira Finance Pasir Koja - Bandung,adira-cabang-pasir-koja-bandung-1713284718.webp,"Jl. Terusan Pasirkoja No.55, Panjunan, Kec. Astanaanyar, Kota Bandung, Jawa Barat",32,3273,3273050,40242,226046331,226046332,226046327,,,,-6.934562,107.5728238,https://www.google.com/maps/embed?pb=!1m18!1m12!1m3!1d15842.526287227394!2d107.57282378363887!3d-6.934561976408744!2m3!1f0!2f0!3f0!3m2!1i1024!2i768!4f13.1!3m3!1m2!1s0x2e68e61faf5b4af9%3A0x17c056f8a8344796!2sSuperland!5e0!3m2!1sid!2sid!4v1713284629289!5m2!1sid!2sid
29,Adira Finance Ujungberung - Bandung,adira-cabang-ujungberung-bandung-1713285040.webp,Jl. Raya Sukamiskin No. 118 Rt. 01 / Rw. 04,32,3273,3273040,40235,227218491,227217591,227213996,227216250,227219435,,-6.9479072,107.598722,https://www.google.com/maps/embed?pb=!1m18!1m12!1m3!1d3960.519264882248!2d107.59872197509067!3d-6.9479071680188245!2m3!1f0!2f0!3f0!3m2!1i1024!2i768!4f13.1!3m3!1m2!1s0x2e68e89523ce1c33%3A0x1885d58b568fa828!2sPT.%20Adira%20Dinamika%20Multi%20Finance!5e0!3m2!1sid!2sid!4v1713284940180!5m2!1sid!2sid
30,Adira Finance Majalaya - Bandung,adira-cabang-majalaya-bandung-1713285296.webp,"Jl. Raya Cicalengka - Majalaya, Mekarpawitan",32,3204,3204080,40383,227218491,227217591,227213996,227216250,227219435,,-7.0439547,107.7245406,https://www.google.com/maps/embed?pb=!1m18!1m12!1m3!1d31677.637086831717!2d107.72454061214518!3d-7.043954707311972!2m3!1f0!2f0!3f0!3m2!1i1024!2i768!4f13.1!3m3!1m2!1s0x2e68c6c4baf082ff%3A0x8498307780187c49!2sAdira%20Finance%20Unit%20Majalaya!5e0!3m2!1sid!2sid!4v1713285185399!5m2!1sid!2sid
31,Adira Finance Pungkur - Bandung,adira-cabang-pungkur-bandung-1713285619.webp,"Jl. Pungkur No.117, Pungkur, Kec. Regol, Kota Bandung, Jawa Barat",32,3273,3273060,40252,224241001,224232730,,224221982,224221994,,-6.927879,107.6065209,https://www.google.com/maps/embed?pb=!1m18!1m12!1m3!1d3960.6877321560755!2d107.60652087509034!3d-6.927878967811956!2m3!1f0!2f0!3f0!3m2!1i1024!2i768!4f13.1!3m3!1m2!1s0x2e68e627f76e34d1%3A0x2db2feea72a949d8!2sAdira%20Finance%20Bandung%206%20Car!5e0!3m2!1sid!2sid!4v1713285513107!5m2!1sid!2sid
32,Adira Finance Setiabudi - Bandung,adira-cabang-setiabudi-bandung-1713321558.webp,"Jl. Peta No.156, Suka Asih",32,3273,3273030,40231,222040521,,,222040471,,,-6.9278843,107.3042252,https://www.google.com/maps/embed?pb=!1m18!1m12!1m3!1d253484.01199160083!2d107.30422519453126!3d-6.9278843!2m3!1f0!2f0!3f0!3m2!1i1024!2i768!4f13.1!3m3!1m2!1s0x2e68e8a407c16321%3A0x861abca7cc7a781d!2sAdira%20Finance!5e0!3m2!1sid!2sid!4v1713321469159!5m2!1sid!2sid
33,Adira Finance Jaksanaranata - Baleendah,adira-cabang-jaksanaranata-baleendah-1713321770.webp,"Jl. Jaksa Naranata No.7, Baleendah",32,3204,3204140,40375,2288882452,,,2288882594,,,-7.0046635,107.6155416,https://www.google.com/maps/embed?pb=!1m18!1m12!1m3!1d3960.039230294452!2d107.61554160947449!3d-7.004663468576924!2m3!1f0!2f0!3f0!3m2!1i1024!2i768!4f13.1!3m3!1m2!1s0x2e68e98667553093%3A0x4176db07ddf122eb!2sAdira%20Finance!5e0!3m2!1sid!2sid!4v1713321696252!5m2!1sid!2sid
34,Adira Finance Ngamprah - Cimahi,adira-cabang-ngamprah-cimahi-1713321941.webp,"Jl. Raya Gadobangkong No.94, Gadobangkong",32,3217,3217100,40552,226632500,226632515,226634117,226632530,226632531,,-6.8671372,107.5159344,https://www.google.com/maps/embed?pb=!1m18!1m12!1m3!1d3961.195702332404!2d107.51593440947235!3d-6.867137167157388!2m3!1f0!2f0!3f0!3m2!1i1024!2i768!4f13.1!3m3!1m2!1s0x2e68e48c547162c7%3A0x8e79d321a6087333!2sAdira%20Finance!5e0!3m2!1sid!2sid!4v1713321880514!5m2!1sid!2sid
35,Adira Finance Mayor Abdurachman - Sumedang,adira-cabang-sumedang-1713322127.webp,"Jl. Raya Bandung - Sumedang No.170, RT.01, Jatisari",32,3211,3211030,45362,261201099,261201299,261202190,261208256,,,-6.9051969,107.6472901,https://www.google.com/maps/embed?pb=!1m18!1m12!1m3!1d126748.0940174417!2d107.64729009726564!3d-6.9051968999999955!2m3!1f0!2f0!3f0!3m2!1i1024!2i768!4f13.1!3m3!1m2!1s0x2e68db3b5dfc34d7%3A0xfaca1034e909e566!2sAdira%20Finance!5e0!3m2!1sid!2sid!4v1713322073777!5m2!1sid!2sid
36,Adira Finance Oto Iskandardinata - Subang,adira-cabang-oto-iskandardinata-subang-1713322407.webp,"Jl. Subang, Gunungsari",32,3213,3213140,41252,260421172,260421173,260421167,260414166,,,-6.5562617,107.4683504,https://www.google.com/maps/embed?pb=!1m18!1m12!1m3!1d253678.44944585362!2d107.46835039453124!3d-6.556261699999983!2m3!1f0!2f0!3f0!3m2!1i1024!2i768!4f13.1!3m3!1m2!1s0x2e6939753d091f97%3A0x5ae95f018ebc97c2!2sAdira%20Finance!5e0!3m2!1sid!2sid!4v1713322316196!5m2!1sid!2sid
37,Adira Finance Pamanukan - Subang,adira-cabang-pamanukan-subang-1713322578.webp,"Jl. Kh Ihsan Syarif No.45, Pamanukan",32,3213,3213190,41254,260555070,,,260555066,,,-6.2842932,107.8121179,https://www.google.com/maps/embed?pb=!1m18!1m12!1m3!1d3965.843502707095!2d107.81211789678956!3d-6.284293199999989!2m3!1f0!2f0!3f0!3m2!1i1024!2i768!4f13.1!3m3!1m2!1s0x2e6945221fb7272f%3A0xb8b2f50820c7b884!2sPT%20Adira%20Dinamika%20Multi%20Finance%20Tbk%2C%20Cabang%20Pamanukan-Subang!5e0!3m2!1sid!2sid!4v1713322519482!5m2!1sid!2sid
38,Adira Finance Kerta Bumi - Karawang,adira-cabang-kerta-bumi-karawang-1713322747.webp,"Jl. Kertabumi, Karawang Kulon",32,3215,3215113,41311,267411511,267411512,267411513,267400274,267400278,,-6.3073748,107.290408,https://www.google.com/maps/embed?pb=!1m18!1m12!1m3!1d3965.667243427003!2d107.29040800946382!3d-6.307374761697959!2m3!1f0!2f0!3f0!3m2!1i1024!2i768!4f13.1!3m3!1m2!1s0x2e6977df26ccae53%3A0xfe6e03b7fb83366e!2sAdira%20Finance!5e0!3m2!1sid!2sid!4v1713322688349!5m2!1sid!2sid
39,Adira Finance Johar - Karawang,adira-cabang-johar-karawang-1713323029.webp,"Jl. Surotokunto No.60, Adiarsa Timur",32,3215,3215112,41311,2678453702,2678453728,2678453756,2678453337,,,-6.3166674,107.3170221,https://www.google.com/maps/embed?pb=!1m18!1m12!1m3!1d3965.5960993684607!2d107.31702213608558!3d-6.316667445517141!2m3!1f0!2f0!3f0!3m2!1i1024!2i768!4f13.1!3m3!1m2!1s0x2e6977b10e0676c7%3A0x67fd969be41bcb08!2sJl.%20Surotokunto%20No.60%2C%20Adiarsa%20Tim.%2C%20Kec.%20Karawang%20Tim.%2C%20Karawang%2C%20Jawa%20Barat%2041311!5e0!3m2!1sid!2sid!4v1713322972623!5m2!1sid!2sid
40,Adira Finance Cikampek - Purwakarta,adira-cabang-purwakarta-1713323322.webp,"Jl. Veteran, Ciseureuh",32,3214,3214100,41118,264231515,2648220369,,264231516,,,-6.5387345,107.425226,https://www.google.com/maps/embed?pb=!1m18!1m12!1m3!1d31710.919549593422!2d107.42522601957236!3d-6.538734542392757!2m3!1f0!2f0!3f0!3m2!1i1024!2i768!4f13.1!3m3!1m2!1s0x2e690ddc47efd745%3A0x807f05483e8dd7b6!2sAdira%20Finance%20Cabang%20Purwakarta!5e0!3m2!1sid!2sid!4v1713323263099!5m2!1sid!2sid
41,Adira Finance Juanda - Tasikmalaya,adira-cabang-juanda-tasikmalaya-1713323597.webp,"JL Insinyur Haji Djuanda, No. 18, Cilembang, Cihideung, Komplek Ruko TFT, Sukamulya, Kec. Bungursari, Kab. Tasikmalaya, Jawa Barat ",32,3206,3206010,46123,265327525,,,265313358,265327528,,-7.3411439,108.1943175,https://www.google.com/maps/embed?pb=!1m18!1m12!1m3!1d3957.1135492189896!2d108.19431750948004!3d-7.341143872180047!2m3!1f0!2f0!3f0!3m2!1i1024!2i768!4f13.1!3m3!1m2!1s0x2e6f50d02e66bce3%3A0xbb45123e26da7e6e!2sAdira%20Dinamika%20Multi%20Finance%2C%20Tbk.%20PT!5e0!3m2!1sid!2sid!4v1713323544980!5m2!1sid!2sid
42,Adira Finance Cikuray - Garut,adira-cabang-cikuray-garut-1713323784.webp,"Jl. Garut - Tasikmalaya Jl. Cikuray No.38, Regol",32,3205,3205190,44161,265327525,262240969,262238209,265313358,265327528,,-7.2179458,107.9019919,https://www.google.com/maps/embed?pb=!1m18!1m12!1m3!1d3958.2005928326457!2d107.901991909478!3d-7.217945770839414!2m3!1f0!2f0!3f0!3m2!1i1024!2i768!4f13.1!3m3!1m2!1s0x2e68b1519aff7179%3A0xb6c7ac2fe61a4d3e!2sAXI%20ADIRA%20FINANCE%20GARUT%20(AGEN%20RESMI%20ADIRA%20FINANCE)!5e0!3m2!1sid!2sid!4v1713323735695!5m2!1sid!2sid
43,Adira Finance Didi Kartasasmita - Banjar,adira-cabang-banjar-1713324028.webp,"Komp Pertokoan Voctoria Plaza Jl. Mayjend. Didi Kartasasmita Blok 8 No 3, 5, 6",32,3279,3279010,46311,265745288,265745289,,265745290,,,-7.3640622,108.5316919,https://www.google.com/maps/embed?pb=!1m18!1m12!1m3!1d3956.909310189656!2d108.5316919094804!3d-7.364062172432183!2m3!1f0!2f0!3f0!3m2!1i1024!2i768!4f13.1!3m3!1m2!1s0x2e6f63b53f206e65%3A0x63f6ff72f698cc90!2sPT%20Adira%20Dinamika%20Multifinance!5e0!3m2!1sid!2sid!4v1713323972446!5m2!1sid!2sid
44,Adira Finance Wahidin - Cirebon,adira-cabang-wahidin-cirebon-1713324215.webp,"Jl. Dr. Wahidin Sudirohusodo No.57, Sukapura",32,3274,3274050,45122,231230750,231248979,231225674,231225672,231232481,,-6.7229524,108.5260811,https://www.google.com/maps/embed?pb=!1m18!1m12!1m3!1d31699.06927899043!2d108.526081119754!3d-6.722952396689259!2m3!1f0!2f0!3f0!3m2!1i1024!2i768!4f13.1!3m3!1m2!1s0x2e6ee26a5d5c28e5%3A0x72b0ca89f59a84f4!2sATM%20Bank%20Danamon%20Adira%20Kota%20Cirebon!5e0!3m2!1sid!2sid!4v1713324159645!5m2!1sid!2sid
45,Adira Finance Abdul Halim - Majalengka,adira-cabang-abdul-halim-majalengka-1713324452.webp,Cicenang,32,3210,3210080,45476,231230750,231248979,231225674,231225672,231232481,,-6.8306031,108.2471794,https://www.google.com/maps/embed?pb=!1m18!1m12!1m3!1d3961.4990843671158!2d108.24717935947183!3d-6.83060311678549!2m3!1f0!2f0!3f0!3m2!1i1024!2i768!4f13.1!3m3!1m2!1s0x2e6f256f0258218f%3A0xdb79479437a79ac5!2sPT.%20Adira%20Finance%20Cab.%20Majalengka!5e0!3m2!1sid!2sid!4v1713324391181!5m2!1sid!2sid
46,Adira Finance Widasari - Jatibarang,adira-cabang-widasari-jatibarang-1713324632.webp,"JL. Mayor Dasuki, Ruko Pasar Jatibarang, B - 6, Jatibarang, Bangkaloa Ilir",32,3212,3212070,45271,2345357330,2345357331,2345357332,234353300,,,-6.4788438,108.292133,https://www.google.com/maps/embed?pb=!1m18!1m12!1m3!1d3964.3376958466038!2d108.29213300946635!3d-6.478843763316!2m3!1f0!2f0!3f0!3m2!1i1024!2i768!4f13.1!3m3!1m2!1s0x2e6ec6ec8cfc32c7%3A0xe377ad08c9715b70!2sAdira%20Dinamika%20Multi%20Finance.%20PT%20Tbk%20-%20Jatibarang!5e0!3m2!1sid!2sid!4v1713324571881!5m2!1sid!2sid
47,Adira Finance Pabuaran - Sukabumi,adira-cabang-pabuaran-sukabumi-1713324814.webp,"Jl. Pabuaran No.12, RT.05/RW.02, Nyomplong",32,3272,3272030,43131,266215366,266215367,,266217203,266217204,,-6.926928,105.7014001,https://www.google.com/maps/embed?pb=!1m18!1m12!1m3!1d1013938.1041126694!2d105.70140007812498!3d-6.926927999999992!2m3!1f0!2f0!3f0!3m2!1i1024!2i768!4f13.1!3m3!1m2!1s0x2e68482396160c85%3A0xd7c466d381f4e196!2sAdira%20Dinamika%20Multi%20Finance%2C%20Tbk.%20PT!5e0!3m2!1sid!2sid!4v1713324754847!5m2!1sid!2sid
48,Adira Finance Juanda - Cianjur,adira-cabang-juanda-cianjur-1713325081.webp,"Jl. Ir. H. Juanda No.19, RT.01/RW.13, Gudang",32,3203,3203200,43214,263282723,263282725,,263282726,,,-6.9232912,105.6986259,https://www.google.com/maps/embed?pb=!1m18!1m12!1m3!1d1013945.9210154642!2d105.69862594941529!3d-6.923291210545685!2m3!1f0!2f0!3f0!3m2!1i1024!2i768!4f13.1!3m3!1m2!1s0x2e685319483319ef%3A0x5cffff51cec08080!2sATM%20Bank%20Danamon%20Adira%20Cianjur!5e0!3m2!1sid!2sid!4v1713325028674!5m2!1sid!2sid
49,Adira Finance MT. Haryono - Semarang,adira-cabang-mt-haryono-semarang-1713325244.webp,"Jl. MT. Haryono No.657a, Wonodri",33,3374,3374050,50242,294571013,,,,,,-6.997001,110.4292288,https://www.google.com/maps/embed?pb=!1m18!1m12!1m3!1d3960.1042652463047!2d110.42922880947441!3d-6.997000968497054!2m3!1f0!2f0!3f0!3m2!1i1024!2i768!4f13.1!3m3!1m2!1s0x2e708d07375bec25%3A0x1251faa06a20a3de!2sAdira%20Finance!5e0!3m2!1sid!2sid!4v1713325185624!5m2!1sid!2sid
50,Adira Finance Soekarno Hatta - Kendal,adira-cabang-soekarno-hatta-kendal-1713325405.webp,"Jl. Raya Soekarno-Hatta No.344, Pekauman, Pakauman",33,3324,3324170,51319,294571013,294571980,,,,,-6.9206813,110.0435155,https://www.google.com/maps/embed?pb=!1m18!1m12!1m3!1d126743.94102881024!2d110.04351549726559!3d-6.920681299999991!2m3!1f0!2f0!3f0!3m2!1i1024!2i768!4f13.1!3m3!1m2!1s0x2e705dfb984cc555%3A0xceefcfe0e70f0115!2sKantor%20Adira%20Kendal!5e0!3m2!1sid!2sid!4v1713325344278!5m2!1sid!2sid
51,Adira Finance Osamaliki - Salatiga,adira-cabang-osamaliki-salatiga-1713325628.webp,"Jl. Osamaliki No.35a, Mangunsari",33,3373,3373030,50721,2983429111,,,298321902,,,-7.3274016,110.4869701,https://www.google.com/maps/embed?pb=!1m18!1m12!1m3!1d15828.942845588328!2d110.48697007250375!3d-7.327401599784821!2m3!1f0!2f0!3f0!3m2!1i1024!2i768!4f13.1!3m3!1m2!1s0x2e7a79eecf37c48f%3A0xfc1d2fa11a24f4a5!2sBISA%20Bimbel%20Salatiga!5e0!3m2!1sid!2sid!4v1713325556962!5m2!1sid!2sid
52,Adira Finance Sudirman Square - Kudus,adira-cabang-sudirman-square-kudus-1713325847.webp,"Ruko sudirman square, Jl. Jend. Sudirman No.101, Barongan, Nganguk",33,3319,3319020,59312,76729339,,,76729199,,,-6.8048991,110.8472897,https://www.google.com/maps/embed?pb=!1m18!1m12!1m3!1d3961.711567860465!2d110.84728970947134!3d-6.8048990665251345!2m3!1f0!2f0!3f0!3m2!1i1024!2i768!4f13.1!3m3!1m2!1s0x2e70c4d9d014c7d5%3A0x7ac9fb8560b746!2sAdira%20Finance%20-%20Kudus!5e0!3m2!1sid!2sid!4v1713325790843!5m2!1sid!2sid
53,Adira Finance Kyai Saleh - Pati,adira-cabang-kyai-saleh-pati-1713328238.webp,"Jl. Kiai Saleh No.31 A, RW.Saliyan, Kaborongan, Pati Lor",33,3318,3318100,59111,295386400,,,295381972,,,-6.77733,110.861151,https://www.google.com/maps/embed?pb=!1m18!1m12!1m3!1d126782.0346479941!2d110.86115096276092!3d-6.777329953439618!2m3!1f0!2f0!3f0!3m2!1i1024!2i768!4f13.1!3m3!1m2!1s0x2e70d3b537bcf5ab%3A0x46f182e4034b67da!2sPT%20Adira%20Dinamika%20Multi%20Finance%20Cabang%20Pati!5e0!3m2!1sid!2sid!4v1713328174755!5m2!1sid!2sid
54,Adira Finance Ahmad Yani - Purwodadi,adira-cabang-ahmad-yani-purwodadi-1713328566.webp,Jl. Ahmad Yani (Lingkungan Nglejok),33,3315,3315130,58114,292423884,292425031,,292425028,,,-7.0702154,110.6054269,https://www.google.com/maps/embed?pb=!1m18!1m12!1m3!1d253406.71797901567!2d110.60542685280898!3d-7.070215363032434!2m3!1f0!2f0!3f0!3m2!1i1024!2i768!4f13.1!3m3!1m2!1s0x2e70af73f8d09175%3A0x333f57f2c86dfd8f!2sKeday%20Adira%20Mitra!5e0!3m2!1sid!2sid!4v1713328510428!5m2!1sid!2sid
55,Adira Finance Jendral Sudirman - Tegal,adira-cabang-jendral-sudirman-tegal-1713328731.webp,"Jl. Jend. Sudirman No.23-25, Randugunting",33,3376,3376010,52125,283322383,283322386,283358858,283320714,,,-6.8699197,109.1308667,https://www.google.com/maps/embed?pb=!1m18!1m12!1m3!1d3961.1725301982333!2d109.13086670947244!3d-6.869919667185823!2m3!1f0!2f0!3f0!3m2!1i1024!2i768!4f13.1!3m3!1m2!1s0x2e6fb9d5cf2f761f%3A0xcc39ca0b73eb235e!2sAdira%20Finance%20Cabang%20Tegal!5e0!3m2!1sid!2sid!4v1713328672808!5m2!1sid!2sid
56,Adira Finance KH. Mansur - Pekalongan,adira-cabang-kh-mansur-pekalongan-1713328889.webp,"Jl. KH. Mansyur, PONOLAWEN",33,3375,3375010,51111,283322383,,,283320714,,,-6.9477092,109.0865926,https://www.google.com/maps/embed?pb=!1m18!1m12!1m3!1d506946.6793182777!2d109.08659261678756!3d-6.947709233834024!2m3!1f0!2f0!3f0!3m2!1i1024!2i768!4f13.1!3m3!1m2!1s0x2e702500772435f7%3A0x5dd01aca547ca004!2sAdira%20Pekalongan!5e0!3m2!1sid!2sid!4v1713328829615!5m2!1sid!2sid
57,Adira Finance Jendral Sudirman - Purwokerto,adira-cabang-jendral-sudirman-purwokerto-1713329103.webp,"Jl. Jend. Sudirman No.529, Purwokerto Wetan",33,3302,3302730,53147,281626028,281626029,,281626030,281642515,,-7.4274901,109.2491308,https://www.google.com/maps/embed?pb=!1m18!1m12!1m3!1d3956.340764679462!2d109.2491308094814!3d-7.427490073134394!2m3!1f0!2f0!3f0!3m2!1i1024!2i768!4f13.1!3m3!1m2!1s0x2e655f0032368e75%3A0x6336ad62f7f0838d!2sAdira%20Finance!5e0!3m2!1sid!2sid!4v1713329042944!5m2!1sid!2sid
58,Adira Finance Stadion - Banjarnegara,adira-cabang-stadion-banjarnegara-1713329327.webp,"Jl. Raya Stadion - Kenteng No.Kel, Parakancanggah",33,3304,3304060,53412,2865985920,2865985922,2865985923,2865985921,,,-7.3939152,109.6293563,https://www.google.com/maps/embed?pb=!1m18!1m12!1m3!1d63306.277153883784!2d109.62935634863281!3d-7.393915200000004!2m3!1f0!2f0!3f0!3m2!1i1024!2i768!4f13.1!3m3!1m2!1s0x2e7aa918d2989005%3A0x3ddc114d0ec8d119!2sDPD%20PARTAI%20PERINDO%20BANJARNEGARA!5e0!3m2!1sid!2sid!4v1713329260766!5m2!1sid!2sid
59,Adira Finance Jendral Gatot Subroto - Cilacap,adira-cabang-jendral-gatot-subroto-cilacap-1713329556.webp,"JL. Jenderal Gatot Subroto, No. 86, Barongan, Kudus, Cilacap Bandar, Tambakreja",33,3301,3301710,53213,282548777,282548132,,282548333,,,-7.732929,108.9980737,https://www.google.com/maps/embed?pb=!1m18!1m12!1m3!1d3953.5350322269887!2d108.99807370948662!3d-7.732929676607855!2m3!1f0!2f0!3f0!3m2!1i1024!2i768!4f13.1!3m3!1m2!1s0x2e6512818294e093%3A0x5e591c56dd465a7b!2sAdira%20Dinamika%20Multi%20Finance.%20PT%20Tbk!5e0!3m2!1sid!2sid!4v1713329502810!5m2!1sid!2sid
60,Adira Finance Solo Baru - Solo,adira-cabang-solo-baru-1713329720.webp,Jl. Raya Solo Permai JA No. 7-9 Solo Baru,33,3311,3311090,57552,271626626,,,271626622,,,-7.601894,110.7751942,https://www.google.com/maps/embed?pb=!1m18!1m12!1m3!1d31638.019812038663!2d110.77519417431638!3d-7.601893999999981!2m3!1f0!2f0!3f0!3m2!1i1024!2i768!4f13.1!3m3!1m2!1s0x2e7a16068094fb3b%3A0x1725d943c3f76bbd!2sGraha%20Adira!5e0!3m2!1sid!2sid!4v1713329671279!5m2!1sid!2sid
61,Adira Finance Sukowati - Sragen,adira-cabang-sukowati-sragen-1713329895.webp,"Jl. Sukowati No.243, Karang Duwo, Sragen Tengah",33,3314,3314100,57211,271894646,,,271890913,,,-7.4273014,111.0026961,https://www.google.com/maps/embed?pb=!1m18!1m12!1m3!1d15825.369852278258!2d111.00269608715818!3d-7.427301400000002!2m3!1f0!2f0!3f0!3m2!1i1024!2i768!4f13.1!3m3!1m2!1s0x2e7a0348513e247f%3A0xf9f49d625d72589!2sBank%20Danamon%20Sragen%20Sukowati!5e0!3m2!1sid!2sid!4v1713329840891!5m2!1sid!2sid
62,Adira Finance Pemuda Utara - Klaten,adira-cabang-pemuda-utara-klaten-1713330182.webp,"Jl. Pemuda No.61, RW.09, Tegalblateran, Bareng",33,3310,3310720,57414,272322561,272322267,272326230,272322546,272322569,,-7.7012946,110.6017195,https://www.google.com/maps/embed?pb=!1m18!1m12!1m3!1d3953.830845722341!2d110.60171950948609!3d-7.701294576241067!2m3!1f0!2f0!3f0!3m2!1i1024!2i768!4f13.1!3m3!1m2!1s0x2e7a43f7bf0a81f5%3A0x81f2d7796f9db094!2sKantor%20Adira%20Finance!5e0!3m2!1sid!2sid!4v1713330122354!5m2!1sid!2sid
63,Adira Finance Tegalrejo - Yogyakarta,adira-cabang-tegalrejo-yogyakarta-1713334988.webp,Jl. H.O.S. Cokroaminoto No. 221 Rt. 10/04,34,3471,3471140,55242,274555007,274555085,,274555062,274589859,,-7.7570283,110.3237691,https://www.google.com/maps/embed?pb=!1m18!1m12!1m3!1d31626.47105642916!2d110.3237690743164!3d-7.757028299999998!2m3!1f0!2f0!3f0!3m2!1i1024!2i768!4f13.1!3m3!1m2!1s0x2e7a5838b053e793%3A0xb73e29bcae47dd82!2sITC%20Adira%20Multi%20Finance%20PT!5e0!3m2!1sid!2sid!4v1713334922327!5m2!1sid!2sid
64,Adira Finance Umbul Harjo - Yogyakarta,adira-cabang-umbul-harjo-yogyakarta-1713335707.webp,"Jl. Ipda Tut Harsono, Muja Muju",34,3471,3471040,55165,274555007,274555085,,274555062,274589859,,-7.793909,110.3104296,https://www.google.com/maps/embed?pb=!1m18!1m12!1m3!1d126494.76563602411!2d110.31042963906249!3d-7.793908999999985!2m3!1f0!2f0!3f0!3m2!1i1024!2i768!4f13.1!3m3!1m2!1s0x2e7a59d864e42273%3A0x7b82cf843d0d730a!2sAdira%20Finance!5e0!3m2!1sid!2sid!4v1713335691335!5m2!1sid!2sid
65,Adira Finance Ahmad Yani - Magelang,adira-cabang-ahmad-yani-magelang-1713335918.webp,"Jl. Ahmad Yani No.36a, Gelangan",33,3371,3371011,56117,293363021,293363109,,293361246,,,-7.4729971,110.2156489,https://www.google.com/maps/embed?pb=!1m18!1m12!1m3!1d3955.929868612482!2d110.2156489094823!3d-7.472997073642324!2m3!1f0!2f0!3f0!3m2!1i1024!2i768!4f13.1!3m3!1m2!1s0x2e7a85f6711703fb%3A0x936dd0df12733ca4!2sPT%20Adira%20Dinamika%20Multi%20Finance%2C%20Tbk!5e0!3m2!1sid!2sid!4v1713335852761!5m2!1sid!2sid
66,Adira Finance Kayon - Surabaya,adira-cabang-kayon-surabaya-1713336088.webp,"Jl. Kayoon No. 2 C - 2 D, Embong Kaliasin",35,3578,3578190,60271,315318640,315318642,,315318658,,,-7.2663662,112.7468423,https://www.google.com/maps/embed?pb=!1m18!1m12!1m3!1d3957.7755359663606!2d112.74684230947877!3d-7.266366171363381!2m3!1f0!2f0!3f0!3m2!1i1024!2i768!4f13.1!3m3!1m2!1s0x2dd7fbe0eaaaaaab%3A0x38c770658ea7143!2sAdira%20Finance%20-%20Surabaya%203%20Mobil!5e0!3m2!1sid!2sid!4v1713336035191!5m2!1sid!2sid
67,Adira Finance Sukomanunggal - Surabaya,adira-cabang-sukomanunggal-surabaya-1713336379.webp,"Pertokoan Satelit Town Square, Jl. Raya Sukomanunggal Jaya No.18, Sukomanunggal, Kec. Sukomanunggal, Surabaya, Jawa Timur ",35,3578,3578160,60188,317322000,317346730,317346720,317324064,,,-7.2734313,112.695638,https://www.google.com/maps/embed?pb=!1m18!1m12!1m3!1d3957.713278908992!2d112.6956380094788!3d-7.273431271440116!2m3!1f0!2f0!3f0!3m2!1i1024!2i768!4f13.1!3m3!1m2!1s0x2dd7fc1c33d37647%3A0x6a536f789e8c51f3!2sAdira%20Finance!5e0!3m2!1sid!2sid!4v1713336318159!5m2!1sid!2sid
68,Adira Finance Pintu Gerbang - Pamekasan,adira-cabang-pintu-gerbang-pamekasan-1713336601.webp,"Jl. Pintu Gerbang No.21, Sumur Putih, Bugih",35,3528,3528050,69317,324325383,324326756,324325147,324325861,,,-7.1563077,113.4717845,https://www.google.com/maps/embed?pb=!1m18!1m12!1m3!1d3958.737591060937!2d113.47178450947695!3d-7.156307670177937!2m3!1f0!2f0!3f0!3m2!1i1024!2i768!4f13.1!3m3!1m2!1s0x2dd77de44f9c61df%3A0x1f3b9adc9f18cc7e!2sAdira%20Dinamika%20Multifinance!5e0!3m2!1sid!2sid!4v1713336506454!5m2!1sid!2sid
69,Adira Finance Ir Soekarno - Surabaya,adira-cabang-ir-soekarno-surabaya-1713336841.webp,"Ruko Icon 21, Jl dr ir Soekarno No.11, Klampis Ngasem",35,3578,3578080,60119,324325383,324326756,324325147,324325861,,,-7.2936111,112.7784443,https://www.google.com/maps/embed?pb=!1m18!1m12!1m3!1d3957.5351248250886!2d112.7784443094792!3d-7.2936110716598455!2m3!1f0!2f0!3f0!3m2!1i1024!2i768!4f13.1!3m3!1m2!1s0x2dd7fb970df3f5f9%3A0x26e0b24da638fe9b!2sAdira%20Syariah%20Surabaya%202!5e0!3m2!1sid!2sid!4v1713336742349!5m2!1sid!2sid
70,Adira Finance Hangtuah - Sidoarjo,adira-cabang-hangtuah-sidoarjo-1713337023.webp,"Jl. Hang Tuah, Rw3, Sidokumpul",35,3515,3515110,61218,318921416,318921417,,318921221,,,-7.4066666,112.5806761,https://www.google.com/maps/embed?pb=!1m18!1m12!1m3!1d126608.89453002311!2d112.58067607336032!3d-7.406666552623889!2m3!1f0!2f0!3f0!3m2!1i1024!2i768!4f13.1!3m3!1m2!1s0x2dd7e6cb7ec2b839%3A0x8e170aa869bdae34!2sAdira%20Finance%20Cabang%20Sidoarjo!5e0!3m2!1sid!2sid!4v1713336955679!5m2!1sid!2sid
71,Adira Finance Kartini - Gresik,adira-cabang-kartini-gresik-1713337258.webp,Ruko Building Kartini Jl. R.A. Kartini No. 236/A1,35,3525,3525100,61122,313987726,313987727,313990084,313990461,313987750,,-7.165843,112.6291407,https://www.google.com/maps/embed?pb=!1m18!1m12!1m3!1d7917.3096354205245!2d112.62914069357912!3d-7.165843!2m3!1f0!2f0!3f0!3m2!1i1024!2i768!4f13.1!3m3!1m2!1s0x2dd800411e47a605%3A0xf3157a63d0a729d5!2sKartini%20Building!5e0!3m2!1sid!2sid!4v1713337194875!5m2!1sid!2sid
72,Adira Finance Veteran - Bojonegoro,adira-cabang-veteran-bojonegoro-1713337578.webp,"Jl. Veteran, Jambean, Sukorejo",35,3522,3522160,62111,353892870,,,353893206,353893207,,-7.1688145,111.8757099,https://www.google.com/maps/embed?pb=!1m18!1m12!1m3!1d15834.516002393702!2d111.8757098871582!3d-7.168814499999981!2m3!1f0!2f0!3f0!3m2!1i1024!2i768!4f13.1!3m3!1m2!1s0x2e7781001ea7e741%3A0x5c78177a2a0675ab!2sAdira%20finance%20cab%20bojonegoro!5e0!3m2!1sid!2sid!4v1713337498456!5m2!1sid!2sid
73,Adira Finance Yos Sudarso - Mojokerto,adira-cabang-yos-sudarso-mojokerto-1713337782.webp,"Jl. Yos Sudarso no. 29-35, Mojokerto",35,3576,3576010,61324,321330393,321330394,321330395,321325842,,,-7.4663809,112.3540844,https://www.google.com/maps/embed?pb=!1m18!1m12!1m3!1d63295.83620843061!2d112.3540844486328!3d-7.466380899999999!2m3!1f0!2f0!3f0!3m2!1i1024!2i768!4f13.1!3m3!1m2!1s0x2e780d003a63b0c5%3A0x8027c3cc8006ebbf!2sAdira%20finance!5e0!3m2!1sid!2sid!4v1713337717858!5m2!1sid!2sid
74,Adira Finance Gajah Mada - Jember,adira-cabang-gajah-mada-jember-1713338001.webp,"Jl. Gajah Mada No.229, Kaliwates Kidul, Kaliwates",35,3509,3509710,68131,331424666,,,,,,-8.1766855,113.6809116,https://www.google.com/maps/embed?pb=!1m18!1m12!1m3!1d3949.258572716474!2d113.68091160949439!3d-8.176685481924983!2m3!1f0!2f0!3f0!3m2!1i1024!2i768!4f13.1!3m3!1m2!1s0x5051657191b791f%3A0x69f94fa440dc1729!2sPT%20Adira%20Dinamika%20Multi%20Finance%20Tbk%20Jember!5e0!3m2!1sid!2sid!4v1713337900852!5m2!1sid!2sid
75,Adira Finance Basuki Rahmat - Situbondo,adira-cabang-basuki-rahmat-situbondo-1713338257.webp,"Jl. Basuki Rahmat No.128, Mimbaan Tengah, Mimbaan",35,3512,3512120,68323,331424666,,,,,,-7.7021105,114.0154679,https://www.google.com/maps/embed?pb=!1m18!1m12!1m3!1d3953.8232315467994!2d114.01546785948611!3d-7.7021104762504855!2m3!1f0!2f0!3f0!3m2!1i1024!2i768!4f13.1!3m3!1m2!1s0x2dd729dcfc867b59%3A0x1e1718e3709b85a2!2sNDCR%20Adira%20Situbondo!5e0!3m2!1sid!2sid!4v1713338150833!5m2!1sid!2sid
76,Adira Finance Gatot Subroto - Probolinggo,adira-cabang-gatot-subroto-probolinggo-1713338486.webp,"Jalan Jenderal Gatot Subroto No. 65-67A, Jati, Mayangan, Mangunharjo",35,3574,3574030,67217,335432200,,,,,,-7.7519101,112.6121018,https://www.google.com/maps/embed?pb=!1m18!1m12!1m3!1d506029.6923626735!2d112.61210178906249!3d-7.751910099999995!2m3!1f0!2f0!3f0!3m2!1i1024!2i768!4f13.1!3m3!1m2!1s0x2dd7adbbf72b0821%3A0x8f644885725fad5f!2sPT.%20Adira%20Dinamika%20Multi%20Finance%20Tbk%20-%20Probolinggo!5e0!3m2!1sid!2sid!4v1713338411908!5m2!1sid!2sid
77,Adira Finance S. Parman - Banyuwangi,adira-cabang-s-parman-banyuwangi-1713338737.webp,"Jl. Letjen S Parman No.33, Pakis",35,3510,3510180,68418,333411589,333417379,333417378,333414163,,,-8.2397962,114.35334,https://www.google.com/maps/embed?pb=!1m18!1m12!1m3!1d3948.6311296041467!2d114.3533400094955!3d-8.239796182707197!2m3!1f0!2f0!3f0!3m2!1i1024!2i768!4f13.1!3m3!1m2!1s0x2dd15abf72d09fb1%3A0xc5591690c7f1d258!2sPT%20Adira%20Dinamika%20Multi%20Finance!5e0!3m2!1sid!2sid!4v1713338624954!5m2!1sid!2sid
78,Adira Finance Jendral Sudirman - Ponorogo,adira-cabang-jendral-sudirman-ponorogo-1713340280.webp,"Jl. Jenderal Sudirman No.55, Ponorogo, Mangkujayan",35,3502,3502170,63413,352489241,352461483,352462931,352462340,,,-7.8717017,111.4636611,https://www.google.com/maps/embed?pb=!1m18!1m12!1m3!1d3952.2231645418506!2d111.46366110948892!3d-7.8717016782361435!2m3!1f0!2f0!3f0!3m2!1i1024!2i768!4f13.1!3m3!1m2!1s0x2e799f85762ccaa1%3A0xc865115d97d06727!2sAdira%20Finance%20Cabang%20Ponorogo!5e0!3m2!1sid!2sid!4v1713340223648!5m2!1sid!2sid
79,Adira Finance Hasanudin - Tulungagung,adira-cabang-tulungagung-1713340549.webp,"Komp. Panglima Sudirman Trade Centre Blok B5 - 7, Jl. S. Hasanudin",35,3504,3504120,66218,355336270,355336271,,355337002,,,-8.0646436,111.0972721,https://www.google.com/maps/embed?pb=!1m18!1m12!1m3!1d505646.16732658!2d111.09727208906251!3d-8.064643600000007!2m3!1f0!2f0!3f0!3m2!1i1024!2i768!4f13.1!3m3!1m2!1s0x2e78e33a74e763ff%3A0xa02b72b798540c40!2sKantor!5e0!3m2!1sid!2sid!4v1713340496689!5m2!1sid!2sid
80,Adira Finance Melati - Blitar,adira-cabang-melati-blitar-1713340696.webp,"Jl. Melati Komplek Ruko A - C No.1, Kepanjen Kidul",35,3572,3572020,66117,342816178,342816314,,342816179,,,-8.1047328,112.1651708,https://www.google.com/maps/embed?pb=!1m18!1m12!1m3!1d3949.9680769183337!2d112.16517080949319!3d-8.10473278104104!2m3!1f0!2f0!3f0!3m2!1i1024!2i768!4f13.1!3m3!1m2!1s0x2e78ec054642bd15%3A0x7d178e53aa0c33a5!2sAdira%20Finance!5e0!3m2!1sid!2sid!4v1713340643594!5m2!1sid!2sid
81,Adira Finance JA. Suprapto - Malang,adira-cabang-ja-suprapto-malang-1713340870.webp,"Jl. Jaksa Agung Suprapto No.56, Rampal Celaket",35,3573,3573030,65111,341364646,341364610,341364611,341364616,,,-7.9660827,112.6318067,https://www.google.com/maps/embed?pb=!1m18!1m12!1m3!1d3951.3176962005446!2d112.63180670949072!3d-7.966082679361557!2m3!1f0!2f0!3f0!3m2!1i1024!2i768!4f13.1!3m3!1m2!1s0x2dd629cdcc6cc06b%3A0xd3c4d4d9f3d81111!2sPT%20ADIRA%20DINAMIKA%20MULTI%20FINANCE%20Tbk.%20-%20MALANG%201%20-%20JA%20SUPRAPTO!5e0!3m2!1sid!2sid!4v1713340811873!5m2!1sid!2sid
82,Adira Finance Tumenggung Suryo - Malang,adira-cabang-tumenggung-suryo-malang-1713341313.webp,"Jl. Tumenggung Suryo No.30A-B, Bunulrejo",35,3573,3573040,65123,341579901,,,341579902,,,-7.9646296,112.6375311,https://www.google.com/maps/embed?pb=!1m18!1m12!1m3!1d3951.3317181604725!2d112.63753110949061!3d-7.964629579344139!2m3!1f0!2f0!3f0!3m2!1i1024!2i768!4f13.1!3m3!1m2!1s0x2dd628344859550b%3A0x2123c6c2bcb3afeb!2sPT%20ADIRA%20DINAMIKA%20MULTI%20FINANCE%20Tbk.%20-%20MALANG%20CAR!5e0!3m2!1sid!2sid!4v1713341254828!5m2!1sid!2sid
83,Adira Finance Ahmad Yani - Kepanjen,adira-cabang-kepanjen-1713341713.webp,Jl. Ahmad Yani No.4 RT/RW 4B/02,35,3507,3507160,65163,341393844,341391681,341391687,341391686,,,-8.120078,112.4223147,https://www.google.com/maps/embed?pb=!1m18!1m12!1m3!1d126394.1531146022!2d112.42231469726559!3d-8.120077999999994!2m3!1f0!2f0!3f0!3m2!1i1024!2i768!4f13.1!3m3!1m2!1s0x2e789e564fa49155%3A0x9b69f2d20a33ed33!2sWartel%20Izza!5e0!3m2!1sid!2sid!4v1713341656824!5m2!1sid!2sid
84,Adira Finance Soekarno Hatta - Pasuruan,adira-cabang-soekarno-hatta-pasuruan-1713341869.webp,"Jl. Soekarno Hatta No.9, Gadingrejo",35,3575,3575010,67111,343431534,343431533,343431532,343411807,,,-7.6353681,112.8869289,https://www.google.com/maps/embed?pb=!1m18!1m12!1m3!1d7908.886875213119!2d112.88692889357915!3d-7.635368099999998!2m3!1f0!2f0!3f0!3m2!1i1024!2i768!4f13.1!3m3!1m2!1s0x2dd7c589c70dfe67%3A0xf66bae0792c3d935!2sAdira%20Finance%20Pasuruan%20SYARIAH%20(Mobil%2C%20Motor%2C%20dan%20Elektronik)!5e0!3m2!1sid!2sid!4v1713341814683!5m2!1sid!2sid
85,Adira Finance Teuku Umar - Banda Aceh,adira-cabang-teuku-umar-banda-aceh-1713342116.webp,Jl. A. Yani No 78 (samping swalayan senyum),11,1171,1171020,23116,6417444205,343431533,343431532,6417444208,,,5.5406529,95.3000781,https://www.google.com/maps/embed?pb=!1m18!1m12!1m3!1d15884.71064073199!2d95.30007814214895!3d5.540652935877675!2m3!1f0!2f0!3f0!3m2!1i1024!2i768!4f13.1!3m3!1m2!1s0x304037537f45e841%3A0xa375a7bed067a9e2!2sKeday%20Adira!5e0!3m2!1sid!2sid!4v1713342042524!5m2!1sid!2sid
86,Adira Finance Ahmad Yani - Langsa,adira-cabang-ahmad-yani-langsa-1713342352.webp,"Jl. Jenderal Ahmad Yani No.78, Gampong Jawa",11,1173,1173030,24375,6557551496,6417444206,6417444207,6557551495,,,4.4812705,95.5163162,https://www.google.com/maps/embed?pb=!1m18!1m12!1m3!1d2036542.0332910013!2d95.51631615625001!3d4.4812705!2m3!1f0!2f0!3f0!3m2!1i1024!2i768!4f13.1!3m3!1m2!1s0x30379b2eadde8693%3A0xcf451b15c40a24e2!2sPT%20ADIRA%20DINAMIKA%20MULTIFINANCE!5e0!3m2!1sid!2sid!4v1713342298458!5m2!1sid!2sid
87,Adira Finance Medan Selayang - Medan,adira-cabang-medan-selayang-1713342714.webp,Asam Kumbang,12,1275,1275100,20122,617873629,,,617873638,,,3.5655743,98.623688,https://www.google.com/maps/embed?pb=!1m18!1m12!1m3!1d3982.0951312702955!2d98.62368795939948!3d3.565574250439114!2m3!1f0!2f0!3f0!3m2!1i1024!2i768!4f13.1!3m3!1m2!1s0x30312fa4c62d78d3%3A0xc608a87e42debeac!2sAdira%20Finance!5e0!3m2!1sid!2sid!4v1713342657803!5m2!1sid!2sid
88,Adira Finance Titi Kuning - Medan,adira-cabang-titi-kuning-medan-1713342866.webp,"Jl. Medan - Tebing Tinggi No.12, Pangkalan Masyhur",12,1275,1275020,20219,617873629,617873828,,617873638,,,3.539406,98.6800112,https://www.google.com/maps/embed?pb=!1m18!1m12!1m3!1d3982.2080427080678!2d98.68001120939947!3d3.5394059506172506!2m3!1f0!2f0!3f0!3m2!1i1024!2i768!4f13.1!3m3!1m2!1s0x30313bcaacf18efd%3A0x82688ac68addfd19!2sAdira%20finance%20Titi%20kuning!5e0!3m2!1sid!2sid!4v1713342813108!5m2!1sid!2sid
89,Adira Finance Binjai - Medan,adira-cabang-binjai-medan-1713343049.webp,Jl. Sultan Hasanuddin No. 12A,12,1276,1276010,20742,618828880,,,618820479,,,3.5998597,98.4781522,https://www.google.com/maps/embed?pb=!1m18!1m12!1m3!1d7963.891877435291!2d98.47815219357909!3d3.599859700000018!2m3!1f0!2f0!3f0!3m2!1i1024!2i768!4f13.1!3m3!1m2!1s0x303129949b142bc9%3A0x58f08cc5c2f12032!2sRADANA%20FINANCE%20CABANG%20BINJAI!5e0!3m2!1sid!2sid!4v1713342994023!5m2!1sid!2sid
90,Adira Finance Bajenis - Tebing Tinggi,adira-cabang-tebing-tinggi-1713343291.webp,"Jl. Raya Lintas Utama Sumatera, Durian",12,1274,1274021,20611,618828880,621325124,,618820479,,,3.3227891,99.1500869,https://www.google.com/maps/embed?pb=!1m18!1m12!1m3!1d1991.5554023810105!2d99.15008689839478!3d3.3227891000000054!2m3!1f0!2f0!3f0!3m2!1i1024!2i768!4f13.1!3m3!1m2!1s0x303161a43f3f57c1%3A0x858f9c43bfdb885c!2sAdira%20Finance!5e0!3m2!1sid!2sid!4v1713343232333!5m2!1sid!2sid
91,Adira Finance Abdi Setya Bhakti - Kisaran,adira-cabang-kisaran-1713343477.webp,Jl. Abdi Setya Bhakti Komplek Graha Asahan Indah Blok C No. 35-36,12,1208,1208160,21211,623348239,623348235,62342357,623348237,,,2.9841631,99.6074157,https://www.google.com/maps/embed?pb=!1m18!1m12!1m3!1d3984.4079775737787!2d99.60741570939875!3d2.984163054134535!2m3!1f0!2f0!3f0!3m2!1i1024!2i768!4f13.1!3m3!1m2!1s0x30324bdd3c52bb29%3A0x15d3d1c111c8138e!2sAdira%20Finance%20Cabang%20Kisaran!5e0!3m2!1sid!2sid!4v1713343423522!5m2!1sid!2sid
92,Adira Finance Sang Nawaluh - Pematang Siantar,adira-cabang-pematang-siantar-1713343691.webp,Jl. Sang Nawaluh Kompleks Mega Land Blok AA No. 18,12,1273,1273050,21139,62224375,62226327,,62227386,,,2.9618635,99.0632037,https://www.google.com/maps/embed?pb=!1m18!1m12!1m3!1d15937.954066105356!2d99.0632036871582!3d2.961863499999996!2m3!1f0!2f0!3f0!3m2!1i1024!2i768!4f13.1!3m3!1m2!1s0x30318415a89b4ffb%3A0x453ba6c5cd9a8b47!2sAdira%20Finance!5e0!3m2!1sid!2sid!4v1713343626402!5m2!1sid!2sid
93,Adira Finance Sisingamangaraja - Rantau Prapat,adira-cabang-sisingamangaraja-rantau-prapat-1713343857.webp,"Jl. Sisingamaraja No. 38 - 40, Aektapa, Rantau Prapat",12,1207,1207210,21418,624327755,624327754,,624327753,,,2.079126,99.8509661,https://www.google.com/maps/embed?pb=!1m18!1m12!1m3!1d3987.1917332576104!2d99.85096610939873!3d2.0791259587915043!2m3!1f0!2f0!3f0!3m2!1i1024!2i768!4f13.1!3m3!1m2!1s0x302da1ab855e82b7%3A0xd471acfce7dc27ee!2sPT.%20ADIRA%20FINANCE!5e0!3m2!1sid!2sid!4v1713343793494!5m2!1sid!2sid
94,Adira Finance Tambusai - Pekanbaru,adira-cabang-tambusai-pekanbaru-1713344063.webp,"Jl. Tuanku Tambusai, Wonorejo",14,1471,1471021,28122,7617891465,7617891466,,7617891470,,,0.505739,101.3967276,https://www.google.com/maps/embed?pb=!1m18!1m12!1m3!1d31917.303142546654!2d101.39672757431639!3d0.5057390000000026!2m3!1f0!2f0!3f0!3m2!1i1024!2i768!4f13.1!3m3!1m2!1s0x31d5af3f51684787%3A0xddb3a5f2f628452f!2sAdira%20Finance%20Tambusai!5e0!3m2!1sid!2sid!4v1713343990311!5m2!1sid!2sid
95,Adira Finance Perawang - Tualang,adira-cabang-perawang-tualang-1713344251.webp,"Jl. Raya Perawang KM 07 RT. 002 / RW. 003
MHHJ+M6F, Perawang Bar., Kec. Tualang, Kabupaten Siak, Riau ",14,1405,1405022,28685,811708782,,,,,,0.5061231,101.2521232,https://www.google.com/maps/embed?pb=!1m18!1m12!1m3!1d255338.4100235815!2d101.2521232426215!3d0.5061231369595388!2m3!1f0!2f0!3f0!3m2!1i1024!2i768!4f13.1!3m3!1m2!1s0x31d44e8d90b0a4bd%3A0x242b74467d97626!2sADIRA%20FINANCE!5e0!3m2!1sid!2sid!4v1713344198277!5m2!1sid!2sid
96,Adira Finance Sultan Ibrahim - Rengat,adira-cabang-sultan-ibrahim-rengat-1713344424.webp,"Jl. Sultan Ibrahim, RT./RW/RW.17/06, Kp. Besar Kota",14,1402,1402060,29319,769324217,,,769324218,,,-0.3697185,102.5385707,https://www.google.com/maps/embed?pb=!1m18!1m12!1m3!1d3989.735255203328!2d102.53857070940552!3d-0.36971853530725973!2m3!1f0!2f0!3f0!3m2!1i1024!2i768!4f13.1!3m3!1m2!1s0x2e29bbe8a28dff4f%3A0x4aabc4e27bb86126!2sAdira%20Finance!5e0!3m2!1sid!2sid!4v1713344362062!5m2!1sid!2sid
97,Adira Finance Moh. Yamin- Bangkinang,adira-cabang-bangkinang-1713344639.webp,"Jl. Prof. Moh. Yamin SH, Langgini",14,1406,1406051,28463,762322030,762323334,762323336,762322444,,,0.3450641,101.0193894,https://www.google.com/maps/embed?pb=!1m18!1m12!1m3!1d3989.745964099448!2d101.01938940940248!3d0.3450640639823335!2m3!1f0!2f0!3f0!3m2!1i1024!2i768!4f13.1!3m3!1m2!1s0x31d515b4c9fd29fb%3A0xcede12624b6bcb44!2sAdira%20Cabang%20Bangkinang!5e0!3m2!1sid!2sid!4v1713344580645!5m2!1sid!2sid
98,Adira Finance Ahmad Yani - Dumai,adira-cabang-dumai-1713344808.webp,"Jl. Ahmad Yani No.42, RW.RW, Ratu Sima",14,1473,1473020,28826,762322030,762323334,762323336,762322444,,,1.6681637,101.4317009,https://www.google.com/maps/embed?pb=!1m18!1m12!1m3!1d3988.1273947660734!2d101.43170090939915!3d1.6681636604653807!2m3!1f0!2f0!3f0!3m2!1i1024!2i768!4f13.1!3m3!1m2!1s0x31d3a8cf92dc495d%3A0x1be70965dc3dc8a2!2sPT.%20ADIRA%20FINANCE%20CAB%20DUMAI!5e0!3m2!1sid!2sid!4v1713344755248!5m2!1sid!2sid
99,Adira Finance Laksamana Bintan - Batam,adira-cabang-laksamana-bintan-batam-1713345083.webp,"Jl. Laksamana Bintan Komplek Bintang Mas Blok C No. 2, 3 & 3A , Sei Panas",21,2171,2171051,29444,778492051,,,778492045,,,1.1362299,103.8732927,https://www.google.com/maps/embed?pb=!1m18!1m12!1m3!1d127649.08207143375!2d103.87329269726563!3d1.1362298999999987!2m3!1f0!2f0!3f0!3m2!1i1024!2i768!4f13.1!3m3!1m2!1s0x31d98975f76bc64b%3A0xe5605b9208a1c2c7!2sATM%20Bank%20Danamon%20Adira%20Batam!5e0!3m2!1sid!2sid!4v1713345023848!5m2!1sid!2sid
100,Adira Finance Patimura - Padang,adira-cabang-patimura-padang-1713345430.webp,"Jl. Patimura No.4, Kp. Jao",13,1371,1371060,25134,751812235,751812238,7517530556,751841411,751812239,,-0.9566991,100.3229716,https://www.google.com/maps/embed?pb=!1m18!1m12!1m3!1d31914.097090653744!2d100.3229715743164!3d-0.9566990999999772!2m3!1f0!2f0!3f0!3m2!1i1024!2i768!4f13.1!3m3!1m2!1s0x2fd4b93652577ead%3A0x2072c3ad8ad06a72!2sAdira%20Padang%202%20Car%20Patimura!5e0!3m2!1sid!2sid!4v1713345349705!5m2!1sid!2sid
101,Adira Finance Jati - Pariaman,adira-cabang-jati-pariaman-1713345744.webp,Jl. WR Mongonsidi (dekat SPBU Jati),13,1377,1377020,25511,75191240,75193097,75191272,75191280,,,-0.621133,100.1414586,https://www.google.com/maps/embed?pb=!1m18!1m12!1m3!1d3989.583874324256!2d100.14145860940681!3d-0.6211330352558898!2m3!1f0!2f0!3f0!3m2!1i1024!2i768!4f13.1!3m3!1m2!1s0x2fd4e248eaa553ef%3A0x8148bbdaa7d8dbb3!2sAdira%20Dinamika%20Multifinance%20Tbk.%20Cabang%20Pariaman!5e0!3m2!1sid!2sid!4v1713345686305!5m2!1sid!2sid
102,Adira Finance Simpang Empat - Pasaman,adira-cabang-simpang-empat-pasaman-1713345926.webp,Jl. Lintang Selatan Empat Mangopoh (sebelah kantor sekretariat PKS & sebrang gudang dolog),13,1312,1312080,26566,753466383,753466682,753466682,753466382,,,0.0813854,99.8200197,https://www.google.com/maps/embed?pb=!1m18!1m12!1m3!1d3989.8142953012016!2d99.82001970940348!3d0.08138536434158046!2m3!1f0!2f0!3f0!3m2!1i1024!2i768!4f13.1!3m3!1m2!1s0x302a7c0fe4c503e7%3A0xe3b3d870fc7d0029!2sPT.%20Adira%20Dinamika%20Multifinance%2C%20Tbk%20Cabang%20Pasaman-Simpang%20Empat!5e0!3m2!1sid!2sid!4v1713345876304!5m2!1sid!2sid
103,Adira Finance Pasar Pandan - Solok,adira-cabang-pasar-pandan-solok-1713346118.webp,"Jl. Pandan Ujung No. 41, RT 01 / RW 01 Pasar Pandan Air",13,1372,1372020,27317,75521038,755325154,755324373,755325150,,,0.08138,98.6031176,https://www.google.com/maps/embed?pb=!1m18!1m12!1m3!1d1021392.4597329377!2d98.60311757812501!3d0.08138000000001916!2m3!1f0!2f0!3f0!3m2!1i1024!2i768!4f13.1!3m3!1m2!1s0x2e2b33a87805917d%3A0xdf98518b4e806a9b!2sPT%20ADIRA%20DINAMIKA%20MULTI%20FINANCE.%20Tbk!5e0!3m2!1sid!2sid!4v1713346058079!5m2!1sid!2sid
104,Adira Finance Jambu Air - Bukit Tinggi,adira-cabang-jambu-air-bukittinggi-1713346289.webp,Ruko Panama Jl. Jambu Air KM 2 No.75 & 77,13,1307,1307061,26181,752628836,75231775,75231796,752628836,,,-0.3268571,100.3774041,https://www.google.com/maps/embed?pb=!1m18!1m12!1m3!1d3989.7533982337577!2d100.37740410940529!3d-0.32685713532632676!2m3!1f0!2f0!3f0!3m2!1i1024!2i768!4f13.1!3m3!1m2!1s0x2fd538e477860927%3A0x36ff219786b0d6ea!2sAdira%20Finance%20Cabang%20Bukittinggi!5e0!3m2!1sid!2sid!4v1713346234176!5m2!1sid!2sid
105,Adira Finance Hayam Wuruk - Jambi,adira-cabang-hayam-wuruk-jambi-1713346496.webp,Jl. Hayam Wuruk No 49 - 51 Jelutung - Jambi,15,1571,1571030,36124,74127979,75231775,75231796,74124697,,,-0.9460042,100.7130603,https://www.google.com/maps/embed?pb=!1m18!1m12!1m3!1d2042508.5448713745!2d100.71306033230967!3d-0.9460041648367706!2m3!1f0!2f0!3f0!3m2!1i1024!2i768!4f13.1!3m3!1m2!1s0x2e2588bfa4b95763%3A0x4414d78a6d04a32b!2sAdira%20Finance!5e0!3m2!1sid!2sid!4v1713346439860!5m2!1sid!2sid
106,Adira Finance Jendral Sudirman - Muara Bungo,adira-cabang-muara-bungo-1713346675.webp,Jl. Jendral Sudirman/Lintas Sumatera No 65 Rt 2 RW 1,15,1509,1509022,37211,8117452128,8117452129,8117452130,,,,-1.5035736,102.1041803,https://www.google.com/maps/embed?pb=!1m18!1m12!1m3!1d3988.4445873795466!2d102.10418029678956!3d-1.5035736000000015!2m3!1f0!2f0!3f0!3m2!1i1024!2i768!4f13.1!3m3!1m2!1s0x2e2e9f9b651dc993%3A0x73ff8e77406705e8!2sPT.%20Adira%20Finance%20Cab.%20Muara%20Bungo!5e0!3m2!1sid!2sid!4v1713346613306!5m2!1sid!2sid
107,Adira Finance Basuki Rahmat - Palembang,adira-cabang-basuki-rahmat-palembang-1713346852.webp,Jl. Basuki Rahmat No 1779 ABCD RT 26 / RW 10,16,1671,1671051,30151,711310022,711360924,711360953,711378735,,,-2.9555776,104.7443697,https://www.google.com/maps/embed?pb=!1m18!1m12!1m3!1d3984.5111100254207!2d104.74436970942368!3d-2.9555776397144187!2m3!1f0!2f0!3f0!3m2!1i1024!2i768!4f13.1!3m3!1m2!1s0x2e3b742b6654e54f%3A0x1b933cad56f1b0ea!2sPT.%20Adira%20Dinamika%20Multi%20Finance%2C%20tbk%20Cab.%20Palembang%201!5e0!3m2!1sid!2sid!4v1713346785818!5m2!1sid!2sid
108,Adira Finance Veteran - Palembang,adira-cabang-veteran-palembang-1713349637.webp,Kompleks Rajawali JL. Veteran No 993 RT.16 RW.05,16,1671,1671060,30114,711310511,8127130584,,711310512,,,-2.955583,102.3079852,https://www.google.com/maps/embed?pb=!1m18!1m12!1m3!1d2040069.67847894!2d102.30798515625001!3d-2.9555829999999963!2m3!1f0!2f0!3f0!3m2!1i1024!2i768!4f13.1!3m3!1m2!1s0x2e3b760d3548fa41%3A0xde707b6440eb6f2b!2sAdira%20Dinamika%20Multi%20Finance.%20PT%20Tbk%20-%20Palembang%201!5e0!3m2!1sid!2sid!4v1713349574859!5m2!1sid!2sid
109,Adira Finance Baturaja - Ogan Komering Ulu,adira-cabang-baturaja-1713350009.webp,Jl. DR. Moh. Hatta Komp. Simpang Baku RT.11/ RW.05 Komp Simpang Bakung,16,1601,1601130,32111,735322200,73532221,735322984,735323675,,,-4.1176411,104.1670245,https://www.google.com/maps/embed?pb=!1m18!1m12!1m3!1d7959.038979775097!2d104.16702449153779!3d-4.1176410822468625!2m3!1f0!2f0!3f0!3m2!1i1024!2i768!4f13.1!3m3!1m2!1s0x2e39af73a7fa2319%3A0xb5b798c0172eb489!2sMobil%20Bekas%20Baturaja!5e0!3m2!1sid!2sid!4v1713349958845!5m2!1sid!2sid
110,Adira Finance Jendral Sudirman - Pangkal Pinang,adira-cabang-pangkal-pinang-1713350172.webp,Jl. Jend. Sudirman No. 22 - 23 (Depan PT. Timah),19,1971,1971041,33684,717438422,,,717438596,,,-2.1101025,106.0364837,https://www.google.com/maps/embed?pb=!1m18!1m12!1m3!1d63793.8062878653!2d106.03648374863279!3d-2.1101024999999813!2m3!1f0!2f0!3f0!3m2!1i1024!2i768!4f13.1!3m3!1m2!1s0x2e22c12835569e9f%3A0x772e9cf9b5c5d11a!2sAdira%20Dinamika%20Multi%20Finance.%20PT%20Tbk!5e0!3m2!1sid!2sid!4v1713350121459!5m2!1sid!2sid
111,Adira Finance Tendean - Bengkulu,adira-cabang-tendean-bengkulu-1713350377.webp,"Jl. Kapt. Tendean No. 27 A - D, RT 04 / RW 02",17,1771,1771023,38224,736341732,736342478,736348879,736345457,,,-3.8142534,102.2804514,https://www.google.com/maps/embed?pb=!1m18!1m12!1m3!1d7961.961350864762!2d102.28045139357907!3d-3.814253399999994!2m3!1f0!2f0!3f0!3m2!1i1024!2i768!4f13.1!3m3!1m2!1s0x2e36b079cddaadeb%3A0x69de321fe6920997!2sADIRA%20Finance%20Bengkulu%201!5e0!3m2!1sid!2sid!4v1713350319577!5m2!1sid!2sid
112,Adira Finance Gatot Subroto - Lampung,adira-cabang-gatot-subroto-lampung-1713350745.webp,"Jl. Gatot Subroto No.99l, Pahoman",18,1871,1871040,35226,721242293,721242294,736348879,721242295,,,-5.4314985,105.2732708,https://www.google.com/maps/embed?pb=!1m18!1m12!1m3!1d3971.9043470528773!2d105.27327077485138!3d-5.431498462620533!2m3!1f0!2f0!3f0!3m2!1i1024!2i768!4f13.1!3m3!1m2!1s0x2e40db776fa4dc95%3A0xe345dc7187329eae!2sAdira%20Finance%20Lampung%201%262%20Gatot%20Subroto!5e0!3m2!1sid!2sid!4v1713350564474!5m2!1sid!2sid
113,Adira Finance Proklamator - Bandar Jaya,adira-cabang-proklamator-bandar-jaya-1713350961.webp,"Jl. Proklamator Raya, Bandar Jaya Timur",18,1805,1805080,34163,72525980,72525982,72525983,72525981,72525944,,-4.9456456,105.0496419,https://www.google.com/maps/embed?pb=!1m18!1m12!1m3!1d254397.69295855935!2d105.049641878125!3d-4.945645599999978!2m3!1f0!2f0!3f0!3m2!1i1024!2i768!4f13.1!3m3!1m2!1s0x2e40a8a191d56e59%3A0x13517872ab360b50!2sPT.%20Adira%20Dinamika%20Multi%20Finance%20tbk!5e0!3m2!1sid!2sid!4v1713350902320!5m2!1sid!2sid
114,Adira Finance Jendral Sudirman - Metro,adira-cabang-metro-lampung-1713351144.webp,"Jl. Jendral Sudirman No.867, Imopuro",18,1872,1872022,34125,7257851033,,,7257851034,,,-5.113934,105.2990441,https://www.google.com/maps/embed?pb=!1m18!1m12!1m3!1d3973.9365191830525!2d105.29904407506841!3d-5.113933951789721!2m3!1f0!2f0!3f0!3m2!1i1024!2i768!4f13.1!3m3!1m2!1s0x2e40bbe54c6354ed%3A0x16978a7a734eb28!2sPT%20Adira%20Dinamika%20Multi%20Finance%20Tbk!5e0!3m2!1sid!2sid!4v1713351078748!5m2!1sid!2sid
115,Adira Finance Ahmad Yani - Samarinda,adira-cabang-ahmad-yani-samarinda-1713351306.webp,"Jl. Jenderal Ahmad Yani I No.3 A - 3 B, Temindung Permai",64,6472,6472061,75117,541742734,541742689,541742698,541738607,,,-0.4788126,117.1526351,https://www.google.com/maps/embed?pb=!1m18!1m12!1m3!1d3989.6790025658674!2d117.15263507503175!3d-0.4788126352767904!2m3!1f0!2f0!3f0!3m2!1i1024!2i768!4f13.1!3m3!1m2!1s0x2df67f4596c606b5%3A0xf15837ed7e8ea4f8!2sAdira%20Finance!5e0!3m2!1sid!2sid!4v1713351253346!5m2!1sid!2sid
116,Adira Finance Jendral Sudirman - Balikpapan,adira-cabang-jendral-sudirman-balikpapan-1713351532.webp,"Kompleks Balikpapan Permai Blok F1 No. 22-23, Jl. Jenderal Sudirman No.287, Damai",64,6471,6471011,76113,542744870,542744880,542744868,542744890,,,-1.2734924,116.8479958,https://www.google.com/maps/embed?pb=!1m18!1m12!1m3!1d3988.832829213376!2d116.84799577503611!3d-1.273492435612401!2m3!1f0!2f0!3f0!3m2!1i1024!2i768!4f13.1!3m3!1m2!1s0x2df146dd1ac78a83%3A0xbb9ef0e574ade8b0!2sAdira%20Kredit!5e0!3m2!1sid!2sid!4v1713351475563!5m2!1sid!2sid
117,Adira Finance Mulawarman - Tarakan,adira-cabang-tarakan-1713351771.webp,"Jl. Mulawarman, Karang Anyar",65,6571,6571030,77111,55135999,55134157,55135239,55135600,,,-0.0499608,114.1441031,https://www.google.com/maps/embed?pb=!1m18!1m12!1m3!1d4085572.4067955874!2d114.14410308403104!3d-0.04996084799757049!2m3!1f0!2f0!3f0!3m2!1i1024!2i768!4f13.1!3m3!1m2!1s0x32138a14cdc4ec39%3A0x9062568e642cb41c!2sPT.%20Adira%20Dinamika%20Multi%20Finance%2C%20Tbk!5e0!3m2!1sid!2sid!4v1713351717002!5m2!1sid!2sid
118,Adira Finance Pemuda - Berau,adira-cabang-berau-1713352023.webp,Jl. Pemuda RT 6,64,6405,6405060,77315,8115450654,8115450652,8115450653,,,,1.812012,116.2805238,https://www.google.com/maps/embed?pb=!1m18!1m12!1m3!1d2041765.4908639078!2d116.28052383429277!3d1.8120119939867094!2m3!1f0!2f0!3f0!3m2!1i1024!2i768!4f13.1!3m3!1m2!1s0x320df5eae70b3be5%3A0xecff8a3dca609adc!2sFinance%20Syariah%20Berau!5e0!3m2!1sid!2sid!4v1713351976454!5m2!1sid!2sid
119,Adira Finance Ahmad Yani - Banjarmasin,adira-cabang-ahmad-yani-banjarmasin-1713352213.webp,"Jl. A. Yani KM 5,5 RT 17",63,6371,6371020,70235,5113270579,5113274104,5113274105,5113274103,,,-3.3122927,114.5801386,https://www.google.com/maps/embed?pb=!1m18!1m12!1m3!1d31865.224822281885!2d114.58013855950581!3d-3.3122927421722337!2m3!1f0!2f0!3f0!3m2!1i1024!2i768!4f13.1!3m3!1m2!1s0x2de426b2c66f48d3%3A0xfaa333afcbe1a875!2sAdira%20Finance!5e0!3m2!1sid!2sid!4v1713352159360!5m2!1sid!2sid
120,Adira Finance Ahmad Yani - Martapura,adira-cabang-martapura-1713352467.webp,Jl. A . Yani KM 37 (Samping SPBU Batas Kota Martapura),63,6303,6303050,70235,5114773008,5114782477,,5114782475,,,-3.2831777,114.4814099,https://www.google.com/maps/embed?pb=!1m18!1m12!1m3!1d127464.6313718475!2d114.48140987375272!3d-3.283177697583875!2m3!1f0!2f0!3f0!3m2!1i1024!2i768!4f13.1!3m3!1m2!1s0x2de426b2c66f48d3%3A0xfaa333afcbe1a875!2sAdira%20Finance!5e0!3m2!1sid!2sid!4v1713352418600!5m2!1sid!2sid
121,Adira Finance Langkai - Palangkaraya,adira-cabang-palangkaraya-1713352631.webp,"Jl. RTA. Milono Km. 4,3 Rt.04 / RW 13",62,6271,6271010,74874,5363223701,,,,,,-2.2456674,113.8952024,https://www.google.com/maps/embed?pb=!1m18!1m12!1m3!1d31894.033186300017!2d113.895202410337!3d-2.245667442354081!2m3!1f0!2f0!3f0!3m2!1i1024!2i768!4f13.1!3m3!1m2!1s0x2dfcb2cdc7b2d3d9%3A0x74d58fd1176e0f0c!2sAdira%20Finance!5e0!3m2!1sid!2sid!4v1713352583701!5m2!1sid!2sid
122,Adira Finance Ahmad Yani - Sampit,adira-cabang-sampit-1713352799.webp,Jl. Ahmad Yani No. 155A (Depan SDN 6),62,6202,6202060,74312,53132187,53132188,,,,,-2.538786,112.9508031,https://www.google.com/maps/embed?pb=!1m18!1m12!1m3!1d3985.9021731797134!2d112.95080307504459!3d-2.538786038277951!2m3!1f0!2f0!3f0!3m2!1i1024!2i768!4f13.1!3m3!1m2!1s0x2de2bfb545148db1%3A0x9f859883040352fc!2sKantor%20Adira%20Dinamika%20Multifinance!5e0!3m2!1sid!2sid!4v1713352752384!5m2!1sid!2sid
123,Adira Finance Pasanah - Pangkalan Bun,adira-cabang-pangkalanbun-1713353019.webp,Jl. Pasanah No. 04 RT. 23,62,6201,6201050,74112,5322030367,8115232001,8115232002,5322030366,,,-2.6826746,111.6383738,https://www.google.com/maps/embed?pb=!1m18!1m12!1m3!1d3985.4457729528663!2d111.63837377504588!3d-2.682674638746899!2m3!1f0!2f0!3f0!3m2!1i1024!2i768!4f13.1!3m3!1m2!1s0x2e08ee47bd7f359b%3A0x17c19db25467dd5f!2sPT.%20ADIRA%20DINAMIKA%20MULTI%20FINANCE!5e0!3m2!1sid!2sid!4v1713352967317!5m2!1sid!2sid
124,Adira Finance Murakata - Barabai,adira-cabang-barabai-1713353418.webp,Jl. Murakata RT 06 / RW 11,63,6307,6307080,71352,51743738,,,,,,-2.587621,115.3653218,https://www.google.com/maps/embed?pb=!1m18!1m12!1m3!1d7971.5001829912835!2d115.36532179357913!3d-2.5876209999999995!2m3!1f0!2f0!3f0!3m2!1i1024!2i768!4f13.1!3m3!1m2!1s0x2de56c03c581906d%3A0x596198323fac6b30!2sKantor%20Adira%20Finance%20Barabai!5e0!3m2!1sid!2sid!4v1713353369878!5m2!1sid!2sid
125,Adira Finance Pangeran Haji M Noor - Tanjung,adira-cabang-tanjung-1713353613.webp,Jl. Ir. PHM Noor RT.05 RW.02 Kel. Mabu'un,63,6309,6309060,71571,5262022994,,,526202995,,,-2.3744056,115.2318258,https://www.google.com/maps/embed?pb=!1m18!1m12!1m3!1d255129.1397252848!2d115.23182582966695!3d-2.3744055717341874!2m3!1f0!2f0!3f0!3m2!1i1024!2i768!4f13.1!3m3!1m2!1s0x2dfab2261d1c416b%3A0x6c208ef486c16714!2sAdira%20Dinamika%20Multi%20Finance.%20PT!5e0!3m2!1sid!2sid!4v1713353555238!5m2!1sid!2sid
126,Adira Finance Ahmad Dahlan - Pontianak,adira-cabang-ahmad-dahlan-pontianak-1713353757.webp,Jl. KH. Ahmad Dahlan No. 8-8A Rt.001 / 15,61,6171,6171031,78117,561732772,,,,,,-0.0342079,109.3291456,https://www.google.com/maps/embed?pb=!1m18!1m12!1m3!1d3989.817609241678!2d109.3291455750298!3d-0.03420793553938324!2m3!1f0!2f0!3f0!3m2!1i1024!2i768!4f13.1!3m3!1m2!1s0x2e1d585542450c7f%3A0x34ecbebc3d7180f2!2sAdira%20Finance!5e0!3m2!1sid!2sid!4v1713353705495!5m2!1sid!2sid
127,Adira Finance S Parman - Pontianak,adira-cabang-s-parman-pontianak-1713353923.webp,"Ruko Villa Permai 2 No. A2/1, Jl. S. Parman, RT 01 / RW 011",61,6171,6171010,78113,561766027,561766021,,561760266,,,-0.036785,109.3325963,https://www.google.com/maps/embed?pb=!1m18!1m12!1m3!1d3989.817498062245!2d109.3325962750299!3d-0.036785035536930286!2m3!1f0!2f0!3f0!3m2!1i1024!2i768!4f13.1!3m3!1m2!1s0x2e1d5977313db3c7%3A0x98dd5dbf1ac1d4ae!2sAdira%20finance%20pontianak%202!5e0!3m2!1sid!2sid!4v1713353869481!5m2!1sid!2sid
128,Adira Finance GM Situt - Singkawang,adira-cabang-singkawang-1713354088.webp,Jl. GM Situt No. 68 - 69 RT/RW 04/02,61,6172,6172040,79111,562634311,562634736,,562639789,,,0.9041641,108.986586,https://www.google.com/maps/embed?pb=!1m18!1m12!1m3!1d3989.3215411726537!2d108.98658602502641!3d0.9041641128461875!2m3!1f0!2f0!3f0!3m2!1i1024!2i768!4f13.1!3m3!1m2!1s0x31e372710f2f6f27%3A0x4568d69281f6b0d3!2sKantor%20Cabang%20Adira%20Finance%20Singkawang!5e0!3m2!1sid!2sid!4v1713354041518!5m2!1sid!2sid
129,Adira Finance MT Haryono - Sintang,adira-cabang-sintang-1713354244.webp,"Jl. M. T. Haryono No. 100, RT 11 / RW 04",61,6107,6107140,78613,56522279,,,56523034,,,0.4913783,108.9169757,https://www.google.com/maps/embed?pb=!1m18!1m12!1m3!1d2042711.8563002758!2d108.91697566707391!3d0.49137827346247576!2m3!1f0!2f0!3f0!3m2!1i1024!2i768!4f13.1!3m3!1m2!1s0x31fe22039894d1d5%3A0xbeb6d23dc62770ff!2sPT.%20Adira%20Dinamika%20Multi%20Finance%2C%20Tbk!5e0!3m2!1sid!2sid!4v1713354195044!5m2!1sid!2sid
130,Adira Finance AP Pettarani - Makassar,adira-cabang-ap-pettarani-makassar-1713354481.webp,Jl. A.P. Pettarani Kompleks Ruko Delta Ramayana Jade 4-5,73,7371,7371100,90232,411421006,411421007,411435333,411425109,411425110,411421129,-5.153362,119.4280083,https://www.google.com/maps/embed?pb=!1m18!1m12!1m3!1d8002.660049469845!2d119.42800834733029!3d-5.153362044545701!2m3!1f0!2f0!3f0!3m2!1i1024!2i768!4f13.1!3m3!1m2!1s0x2dbee2b507f739b1%3A0xf8a22a4a6cf6943c!2sPT.%20Adira%20Dinamika%20Multi%20Finance!5e0!3m2!1sid!2sid!4v1713354419788!5m2!1sid!2sid
131,Adira Finance Perintis - Makassar,adira-cabang-perintis-makassar-1713354641.webp,"Jl. Perintis Kemerdekaan No.4, Tamalanrea Indah",73,7371,7371111,90245,411840424,411840391,411840373,411840474,,,-5.1532645,119.3919942,https://www.google.com/maps/embed?pb=!1m18!1m12!1m3!1d63579.063296166496!2d119.39199419654376!3d-5.15326445255791!2m3!1f0!2f0!3f0!3m2!1i1024!2i768!4f13.1!3m3!1m2!1s0x2dbee31a3e05d9a9%3A0x3601f731c7c199f8!2sAdira%20Finance%20Cabang%20Makassar%20(Mobil)!5e0!3m2!1sid!2sid!4v1713354590690!5m2!1sid!2sid
132,Adira Finance Gowa - Makassar,adira-cabang-gowa-makassar-1713354784.webp,"Jl. Sultan Hasanuddin No.37, Pandang Pandang",73,7306,7306040,92114,411840424,411840391,411840373,411840474,,,-5.2016672,119.4437666,https://www.google.com/maps/embed?pb=!1m18!1m12!1m3!1d3973.3872950574037!2d119.4437665750695!3d-5.201667152441018!2m3!1f0!2f0!3f0!3m2!1i1024!2i768!4f13.1!3m3!1m2!1s0x2dbee38310b02d1b%3A0xcee5fc6006802fc0!2sPT%20Adira%20Cabang%20Makasar%203%20Gowa!5e0!3m2!1sid!2sid!4v1713354736322!5m2!1sid!2sid
133,Adira Finance MT Haryono - Bone,adira-cabang-bone-1713354982.webp,Jl. M.T. Haryono No. 1 (Sebelah BFI Finance),73,7311,7311710,92732,48123335,,,48128122,,,-4.5379571,120.2916907,https://www.google.com/maps/embed?pb=!1m18!1m12!1m3!1d3977.3107889597186!2d120.29169067506231!3d-4.537957147826302!2m3!1f0!2f0!3f0!3m2!1i1024!2i768!4f13.1!3m3!1m2!1s0x2dbde4e179eea847%3A0xb8ede3a1385cc6f6!2sADIRA%20FINANCE%20CABANG%20BONE!5e0!3m2!1sid!2sid!4v1713354935679!5m2!1sid!2sid
134,Adira Finance Ahmad Yani - Bulukumba,adira-cabang-bulukumba-1713355141.webp,"Jl. Ahmad Yani, Caile",73,7302,7302020,92518,4132510035,4132510036,,4132510037,,,-5.542644,120.1930788,https://www.google.com/maps/embed?pb=!1m18!1m12!1m3!1d7942.328541971817!2d120.19307879159821!3d-5.542643999040778!2m3!1f0!2f0!3f0!3m2!1i1024!2i768!4f13.1!3m3!1m2!1s0x2dbbff2f7ff5e5c1%3A0x3509f5e888549376!2sPT.%20Adira%20Dinamika%20Multi%20Finance!5e0!3m2!1sid!2sid!4v1713355093619!5m2!1sid!2sid
135,Adira Finance Kelapa - Palopo,adira-cabang-palopo-1713355345.webp,Jl. Kelapa No. 47 RT001 RW 008,73,7373,7373020,91911,47122554,47122553,,47123866,,,-3.0060631,120.1893058,https://www.google.com/maps/embed?pb=!1m18!1m12!1m3!1d3984.32829394886!2d120.18930577504825!3d-3.0060631399244446!2m3!1f0!2f0!3f0!3m2!1i1024!2i768!4f13.1!3m3!1m2!1s0x2d915f051a8d9bef%3A0x3012e224df70d574!2sADIRA%20FINANCE%20PALOPO!5e0!3m2!1sid!2sid!4v1713355247639!5m2!1sid!2sid
136,Adira Finance Veteran - Parepare,adira-cabang-veteran-parepare-1713355510.webp,"Jl. Veteran, Mallusetasi",73,7372,7372020,91111,42125555,42124489,,42127777,,,-4.0143305,119.6204362,https://www.google.com/maps/embed?pb=!1m18!1m12!1m3!1d3980.029587977349!2d119.62043617505718!3d-4.014330544693677!2m3!1f0!2f0!3f0!3m2!1i1024!2i768!4f13.1!3m3!1m2!1s0x2d95bb8fe2d56c71%3A0x642879aa741ded78!2sAdira%20finance%20parepare!5e0!3m2!1sid!2sid!4v1713355450063!5m2!1sid!2sid
137,Adira Finance Ahmad Yani - Kendari,adira-cabang-ahmad-yani-kendari-1713355767.webp,"Jl. Jend. Ahmad Yani No.51a, Anawai",74,7471,7471014,93117,4213312500,4213312501,4213312502,42125599,,,-3.9982209,119.744714,https://www.google.com/maps/embed?pb=!1m18!1m12!1m3!1d2037815.2773791451!2d119.74471398291172!3d-3.9982208823761667!2m3!1f0!2f0!3f0!3m2!1i1024!2i768!4f13.1!3m3!1m2!1s0x2d988d23c2e0f323%3A0x2f1056208c4a3a37!2sPT.%20Adira%20Dinamika%20Multi%20Finance!5e0!3m2!1sid!2sid!4v1713355711697!5m2!1sid!2sid
138,Adira Finance Soekarno Hatta - Palu,adira-cabang-soekarno-hatta-palu-1713355950.webp,Palu City Square Jl. Soekarno Hatta,72,7271,7271031,94118,451481249,451481105,451458425,451481130,451485545,,-0.8869677,110.1299478,https://www.google.com/maps/embed?pb=!1m18!1m12!1m3!1d8170168.847797073!2d110.12994782499999!3d-0.886967699999985!2m3!1f0!2f0!3f0!3m2!1i1024!2i768!4f13.1!3m3!1m2!1s0x2d8bef235667c9d7%3A0xb7f581ca1803cccc!2sAdira%20palu%201!5e0!3m2!1sid!2sid!4v1713355897006!5m2!1sid!2sid
139,Adira Finance Kota - Poso,adira-cabang-kota-poso-1713356093.webp,Gebang Rejo,72,7204,7204070,94612,452324748,452324749,,452324750,,,-1.3938326,120.7498772,https://www.google.com/maps/embed?pb=!1m18!1m12!1m3!1d3988.6377885172933!2d120.74987717503689!3d-1.3938326357532491!2m3!1f0!2f0!3f0!3m2!1i1024!2i768!4f13.1!3m3!1m2!1s0x2d8ee5b41c519c33%3A0xfc7998a4ccbaa01a!2sPT%20ADIRA%20CAB%20POSO!5e0!3m2!1sid!2sid!4v1713356047514!5m2!1sid!2sid
140,Adira Finance Maahas - Luwuk Banggai,adira-cabang-luwuk-banggai-1713356296.webp,Jl. Dr. Moh Hatta,72,7202,7202050,94713,46123912,46123913,,46123914,,,-0.9617527,122.7883657,https://www.google.com/maps/embed?pb=!1m18!1m12!1m3!1d3989.2562450149535!2d122.78836567503433!3d-0.9617527353576706!2m3!1f0!2f0!3f0!3m2!1i1024!2i768!4f13.1!3m3!1m2!1s0x2d86a1021fee649b%3A0x2d20bf509cfb5eaa!2sAdira%20Finance%20Luwuk!5e0!3m2!1sid!2sid!4v1713356249684!5m2!1sid!2sid
141,Adira Finance Ahmad Yani - Manado,adira-cabang-ahmad-yani-manado-1713367181.webp,Jl. Ahmad Yani No 10 D - E,71,7171,7171020,95113,4318880443,4318880446,,,,,1.4682193,124.829115,https://www.google.com/maps/embed?pb=!1m18!1m12!1m3!1d1994.2542134748082!2d124.82911499839477!3d1.4682192999999846!2m3!1f0!2f0!3f0!3m2!1i1024!2i768!4f13.1!3m3!1m2!1s0x328774e3707d22bf%3A0xf27adfb3a31bb568!2sAdira%20Finance!5e0!3m2!1sid!2sid!4v1713367106583!5m2!1sid!2sid
142,Adira Finance Suprapto - Kotamobagu,adira-cabang-kotamobagu-1713367376.webp,Pasar 23 Maret Jl. Suprapto,71,7174,7174030,95716,43422813,43422814,,43422812,-1,,0.742469,124.306374,https://www.google.com/maps/embed?pb=!1m18!1m12!1m3!1d3989.4833330062847!2d124.30637397502694!3d0.7424689632269427!2m3!1f0!2f0!3f0!3m2!1i1024!2i768!4f13.1!3m3!1m2!1s0x327e3d681bb42b0b%3A0x34607ee178323253!2sADIRA%20Finance%20Cab.Kotamobagu!5e0!3m2!1sid!2sid!4v1713367305389!5m2!1sid!2sid
143,Adira Finance Nani Wartabone - Gorontalo,adira-cabang-nani-wartabone-gorontalo-1713367598.webp,Jl. Nani Wartabone No. 166,75,7571,7571020,96135,435824560,435824433,435824553,435824965,435826415,435826416,0.5487619,123.0602334,https://www.google.com/maps/embed?pb=!1m18!1m12!1m3!1d3989.6353240112912!2d123.06023337502758!3d0.5487618636268591!2m3!1f0!2f0!3f0!3m2!1i1024!2i768!4f13.1!3m3!1m2!1s0x32792b6578c19b6d%3A0x9ad5dd62567a760b!2sPT.%20Adira%20Dinamika%20Multi%20Finance%20Tbk!5e0!3m2!1sid!2sid!4v1713367519937!5m2!1sid!2sid
144,Adira Finance Urip Sumoharjo - Mamuju,adira-cabang-mamuju-1713367817.webp,Karema,76,7604,7604020,91511,435824560,,,,,,-2.6729348,116.4378386,https://www.google.com/maps/embed?pb=!1m18!1m12!1m3!1d2040564.4594117324!2d116.43783861007002!3d-2.672934834510182!2m3!1f0!2f0!3f0!3m2!1i1024!2i768!4f13.1!3m3!1m2!1s0x2d92d8337c7095d9%3A0x32447a72e551ef26!2sPT.%20Adira%20Dinamika%20Multi%20Finance%20Tbk.!5e0!3m2!1sid!2sid!4v1713367752771!5m2!1sid!2sid
145,Adira Finance Setia Budi - Ambon,adira-cabang-setia-budi-ambon-1713368090.webp,Jl. Setia Budi No. 26,81,8171,8171020,97127,911344641,911344643,911344627,911344639,911344619,,-3.6979785,128.1798971,https://www.google.com/maps/embed?pb=!1m18!1m12!1m3!1d3981.5110974204013!2d128.17989707483315!3d-3.6979785290551517!2m3!1f0!2f0!3f0!3m2!1i1024!2i768!4f13.1!3m3!1m2!1s0x2d6ce9fa2ad0bd4f%3A0x687b13a02c84ecf8!2sPT.%20ADIRA%20FINANCE%20CABANG%20AMBON!5e0!3m2!1sid!2sid!4v1713368010783!5m2!1sid!2sid
146,Adira Finance Bastiong - Ternate,adira-cabang-bastiong-ternate-1713368333.webp,"Jl. Raya Bastiong No.127, Bastiong Talangame",82,8271,8271020,97713,9213125128,9213125270,9213125203,,,,0.7685841,127.3719153,https://www.google.com/maps/embed?pb=!1m18!1m12!1m3!1d3989.459353697119!2d127.37191527502692!3d0.7685840631683362!2m3!1f0!2f0!3f0!3m2!1i1024!2i768!4f13.1!3m3!1m2!1s0x329cb1593014ac31%3A0x3b70ad1adfa8f20a!2sPT%20ADIRA%20DINAMIKA%20MULTI%20FINANCE%20TERNATE!5e0!3m2!1sid!2sid!4v1713368262298!5m2!1sid!2sid
147,Adira Finance Entrop - Jayapura,adira-cabang-entrop-jayapura-1713368523.webp,Jl. Raya Abepura HM 2610 RT 005/04,94,9471,9471030,99221,967522911,967522631,967522841,,,,-2.5662539,140.6947834,https://www.google.com/maps/embed?pb=!1m18!1m12!1m3!1d3985.8169890294434!2d140.69478337504495!3d-2.5662539383648566!2m3!1f0!2f0!3f0!3m2!1i1024!2i768!4f13.1!3m3!1m2!1s0x686c5894611aef6b%3A0xc498e5ca0c07778f!2sPT%20Adira%20Dinamika%20Multi%20Finance%2CTbk!5e0!3m2!1sid!2sid!4v1713368449247!5m2!1sid!2sid
148,Adira Finance Malaingkedi - Sorong,adira-cabang-sorong-1713368704.webp,Malaingked,91,9171,9171021,98412,951327584,,,,,,-0.890047,131.2929269,https://www.google.com/maps/embed?pb=!1m18!1m12!1m3!1d3989.3369325846666!2d131.292926875034!3d-0.8900470353215537!2m3!1f0!2f0!3f0!3m2!1i1024!2i768!4f13.1!3m3!1m2!1s0x2d59553b66d750b5%3A0x30d5b87c1ae5a0c1!2sAdira%20Finance%20Sorong!5e0!3m2!1sid!2sid!4v1713368646320!5m2!1sid!2sid
149,Adira Finance Dewata Square - Denpasar,adira-cabang-dewata-square-denpasar-1713406714.webp,Komp. Dewata Square Jl. Letda Tantular No. 1 Blok A 17-20 (Dpn BI),51,5171,5171020,80234,361231510,,,361256159,,,-8.6609318,115.1913339,https://www.google.com/maps/embed?pb=!1m18!1m12!1m3!1d31554.572900175237!2d115.19133387188452!3d-8.660931769728283!2m3!1f0!2f0!3f0!3m2!1i1024!2i768!4f13.1!3m3!1m2!1s0x2dd240932761e20f%3A0x229ff0d2c2c43a9d!2sAdira%20Dps%201!5e0!3m2!1sid!2sid!4v1713406649465!5m2!1sid!2sid
150,Adira Finance Gatot Subroto - Denpasar,adira-cabang-gatot-subroto-denpasar-1713406867.webp,Jl. Gatot Subroto Barat No 101 X,51,5171,5171031,80237,361428811,,,361421132,,,-8.6375357,115.1967348,https://www.google.com/maps/embed?pb=!1m18!1m12!1m3!1d3944.5666191874425!2d115.1967348095028!3d-8.637535687786078!2m3!1f0!2f0!3f0!3m2!1i1024!2i768!4f13.1!3m3!1m2!1s0x2dd23f9d0ece6299%3A0xc307f10a5d5c8aa7!2sPT%20Adira%20Dinamika%20Multi%20Finance%20-%20Denpasar%202!5e0!3m2!1sid!2sid!4v1713406810138!5m2!1sid!2sid
151,Adira Finance Ngurai Rai - Negara,adira-cabang-ngurah-rai-bali-1713407026.webp,Jl. Ngurah Rai No. 70 Negara-Bali,51,5103,5103020,80361,3618941670,,,,,,-8.7310874,115.1763876,https://www.google.com/maps/embed?pb=!1m18!1m12!1m3!1d3943.582991499512!2d115.17638760950457!3d-8.731087389018096!2m3!1f0!2f0!3f0!3m2!1i1024!2i768!4f13.1!3m3!1m2!1s0x2dd243650b8070b3%3A0x410c6fcf2d4e4a94!2sAdira%20Finance!5e0!3m2!1sid!2sid!4v1713406970870!5m2!1sid!2sid
152,Adira Finance Darma Giri - Gianyar,adira-cabang-gianyar-bali-1713407194.webp,"Jl. Dharma Giri, Gianyar",51,5104,5104030,80561,361955383,,,361955386,,,-8.5408654,115.315151,https://www.google.com/maps/embed?pb=!1m18!1m12!1m3!1d3945.5719887926894!2d115.31515100950115!3d-8.540865386527983!2m3!1f0!2f0!3f0!3m2!1i1024!2i768!4f13.1!3m3!1m2!1s0x2dd21642960d1495%3A0x8b839323f1b80187!2sAdira%20Gianyar!5e0!3m2!1sid!2sid!4v1713407137546!5m2!1sid!2sid
153,Adira Finance Udayana - Singaraja,adira-cabang-udayana-singaraja-bali-1713407407.webp,"Jl. Udayana No.18A, Kaliuntu",51,5108,5108060,81113,36229050,,,36229232,,,-8.1164225,115.0842579,https://www.google.com/maps/embed?pb=!1m18!1m12!1m3!1d3949.853232040731!2d115.08425790949323!3d-8.116422481184074!2m3!1f0!2f0!3f0!3m2!1i1024!2i768!4f13.1!3m3!1m2!1s0x2dd19a0aa8ace475%3A0x71342ba3fd3e52aa!2sAdira%20Finance!5e0!3m2!1sid!2sid!4v1713407350966!5m2!1sid!2sid
154,Adira Finance Pejanggik - Mataram,adira-cabang-mataram-ntb-1713407567.webp,Jl. Pejanggik No 65 A-B NTB,52,5271,5271030,83239,370673195,,,370673139,,,-8.5873087,116.1247075,https://www.google.com/maps/embed?pb=!1m18!1m12!1m3!1d3945.0903808535622!2d116.12470750950185!3d-8.587308687130516!2m3!1f0!2f0!3f0!3m2!1i1024!2i768!4f13.1!3m3!1m2!1s0x2dcdbf57aeb734cf%3A0xaa30534b2d17ece1!2sPT%20Adira%20Dinamika%20Multi%20Finance%20-MATARAM!5e0!3m2!1sid!2sid!4v1713407501611!5m2!1sid!2sid
155,Adira Finance Pancor - Selong,adira-cabang-selong-ntb-1713407734.webp,"JL. TGKH. Abdul Masjid No.36, Pancor",52,5203,5203070,83611,388828822,,,388824422,,,-8.6456995,116.2208576,https://www.google.com/maps/embed?pb=!1m18!1m12!1m3!1d252446.79689241754!2d116.22085759453115!3d-8.645699499999989!2m3!1f0!2f0!3f0!3m2!1i1024!2i768!4f13.1!3m3!1m2!1s0x2dcc4eb01917f92b%3A0x39443265e9ebd28d!2sAdira%20Finance!5e0!3m2!1sid!2sid!4v1713407690567!5m2!1sid!2sid
156,Adira Finance Oeba - Kupang,adira-cabang-oeba-kupang-1713407906.webp,"Jl. Irian Jaya No.1 A, Fatubesi",53,5371,5371041,85112,388828822,,,388824422,,,-8.5978087,111.0708046,https://www.google.com/maps/embed?pb=!1m18!1m12!1m3!1d8079321.371894385!2d111.07080456502054!3d-8.597808688345397!2m3!1f0!2f0!3f0!3m2!1i1024!2i768!4f13.1!3m3!1m2!1s0x2c569cecbd105e01%3A0xd578d5ceaa37afc4!2sPT.%20Adira%20Dinamika%20Multi%20Finance%20Tbk!5e0!3m2!1sid!2sid!4v1713407851501!5m2!1sid!2sid
157,Adira Finance Seketeng - Sumbawa,adira-cabang-seketeng-sumbawa-1713408148.webp,"Komp. Pertokoan, Jl. Udang 8 C - D, RT 02 / RW 02",52,5204,5204080,84313,371625550,,,371325324,,,-8.5038451,117.4266344,https://www.google.com/maps/embed?pb=!1m18!1m12!1m3!1d3945.9540252514107!2d117.42663440950035!3d-8.503845086050218!2m3!1f0!2f0!3f0!3m2!1i1024!2i768!4f13.1!3m3!1m2!1s0x2dcb933ed5f4335b%3A0x97922c19f336c78b!2sAdira%20Finance%20Sumbawa!5e0!3m2!1sid!2sid!4v1713408087432!5m2!1sid!2sid
158,Adira Finance Maumere - Sikka,adira-cabang-maumere-sikka-1713408381.webp,"Jl. Anggrek No.18, Madawat",53,5310,5310080,86110,38222187,,,38222524,,,-8.6224358,122.2099567,https://www.google.com/maps/embed?pb=!1m18!1m12!1m3!1d3944.724397982014!2d122.20995670950255!3d-8.62243578758859!2m3!1f0!2f0!3f0!3m2!1i1024!2i768!4f13.1!3m3!1m2!1s0x2dad1a2e418518f9%3A0x1be20e85d0bbf6ef!2sAdira%20Finance%20Maumere!5e0!3m2!1sid!2sid!4v1713408327952!5m2!1sid!2sid
159,Adira Finance Kelapa Gading - Jakarta Utara,screenshot-2025-01-07-at-22.25.45-1736264491.png,"Ruko, Kokan Permata Klp. Gading, Kp Jl. Boulevard Bukit Gading Raya No.5 Blok F, RT.15/RW.3, Klp. Gading Barat",31,3175,3175050,14240,,,,,,,-6.160201,106.8839388,https://www.google.com/maps/embed?pb=!1m18!1m12!1m3!1d7933.5601681676835!2d106.88393879357905!3d-6.160200999999992!2m3!1f0!2f0!3f0!3m2!1i1024!2i768!4f13.1!3m3!1m2!1s0x2e69f53c6a85a47b%3A0x30173f5de0359c74!2sADIRA%20FINANCE!5e0!3m2!1sid!2sid!4v1736263457490!5m2!1sid!2sid
160,Adira Finance Negara- Tabanan,adira-finance-negara-tabanan-1745678885.webp,"Jl. Ir. Sukarno. BR, Tegal Belodan 82113 Kota Kab Tabanan, Kecamatan Tabanan, Kelurahan Dauh Peken",51,5102,5102030,82113,,,,,,,-8.547588,115.118764,https://www.google.com/maps/embed?pb=!1m17!1m12!1m3!1d3945.502437067446!2d115.11876400000001!3d-8.547588!2m3!1f0!2f0!3f0!3m2!1i1024!2i768!4f13.1!3m2!1m1!2zOMKwMzInNTEuMyJTIDExNcKwMDcnMDcuNiJF!5e0!3m2!1sid!2sid!4v1745678626049!5m2!1sid!2sid
161,Adira Finance Jendral Sudirman - Pekanbaru,adira-finance-jendral-sudirman-pekanbaru-1745680446.webp,"Jl. Jend Sudirman no.121 Pekanbaru, RT 01 RW 05",14,1471,1471021,28251,,,,,,,0.5054722,101.4513333,https://www.google.com/maps/embed?pb=!1m17!1m12!1m3!1d3989.66305676399!2d101.45133330000002!3d0.5054721999999999!2m3!1f0!2f0!3f0!3m2!1i1024!2i768!4f13.1!3m2!1m1!2zMMKwMzAnMTkuNyJOIDEwMcKwMjcnMDQuOCJF!5e0!3m2!1sid!2sid!4v1745680298013!5m2!1sid!2sid
162,Adira Finance Lhokseumawe - Aceh,adira-finance-lhokseumawe-aceh-1745681383.webp,"Jl. Samudera Baru No.1, Simpang Empat",11,1174,1174030,24355,,,,,,,5.1763217,97.1468438,https://www.google.com/maps/embed?pb=!1m18!1m12!1m3!1d3973.5469187155263!2d97.1468438!3d5.1763217!2m3!1f0!2f0!3f0!3m2!1i1024!2i768!4f13.1!3m3!1m2!1s0x3047833003a26bd7%3A0x318ff92966d9c445!2sPT%20Adira%20Dinamika%20Multi%20Finance%20Tbk%20Cabang%20Lhokseumawe!5e0!3m2!1sid!2sid!4v1745681243862!5m2!1sid!2sid
163,Adira Finance Tilamuta - Boalemo,adira-finance-tilamuta-gorontalo-1745681743.webp,Jl. Trans Sulawesi,75,7501,7501040,96263,,,,,,,0.5234844,122.3459568,https://www.google.com/maps/embed?pb=!1m18!1m12!1m3!1d3989.651794237135!2d122.3459568!3d0.5234844!2m3!1f0!2f0!3f0!3m2!1i1024!2i768!4f13.1!3m3!1m2!1s0x3279ab5f194f735f%3A0xb11cfef5a768260!2sAdira%20tilamuta!5e0!3m2!1sid!2sid!4v1745681632622!5m2!1sid!2sid
164,Adira Finance Marisa - Pohuwato,adira-finance-marisa-gorontalo-1745682001.webp,Jl. Jend Sudirman No 405,75,7503,7503030,96365,,,,,,,0.4639195,121.9473644,https://www.google.com/maps/embed?pb=!1m18!1m12!1m3!1d3989.687534498253!2d121.9473644!3d0.4639195!2m3!1f0!2f0!3f0!3m2!1i1024!2i768!4f13.1!3m3!1m2!1s0x327835f1b4e6241b%3A0xf8f7469dec2fdd2c!2sAdira%20satelite%20Marisa!5e0!3m2!1sid!2sid!4v1745681891301!5m2!1sid!2sid
165,Adira Finance Kwandang - Gorontalo Utara,adira-finance-kwandang-gorontalo-1745684248.webp,Jl. Trans Sulawesi Poros Gorontalo,75,7505,7505020,96252,,,,,,,0.8424125,122.909627,https://www.google.com/maps/embed?pb=!1m18!1m12!1m3!1d3989.3870797438253!2d122.90962699678954!3d0.842412499999996!2m3!1f0!2f0!3f0!3m2!1i1024!2i768!4f13.1!3m3!1m2!1s0x32794f98730f3ee1%3A0x92f3d63c0af880f4!2sAdira%20Finance%20Kwandang!5e0!3m2!1sid!2sid!4v1745684149604!5m2!1sid!2sid
166,Adira Finance Labuan - Rangkas Bitung,adira-finance-labuan-rangkas-bitung-1745684801.webp,"Jl. Kalang Anyar, Ruko Ciateul Blok A no. 9",36,3601,3601120,42211,,,,,,,-6.383467,105.83573,https://www.google.com/maps/embed?pb=!1m17!1m12!1m3!1d3965.0816172701097!2d105.83573000000001!3d-6.383467!2m3!1f0!2f0!3f0!3m2!1i1024!2i768!4f13.1!3m2!1m1!2zNsKwMjMnMDAuNSJTIDEwNcKwNTAnMDguNiJF!5e0!3m2!1sid!2sid!4v1745684626361!5m2!1sid!2sid
167,Adira Finance Malingping - Rangkas Bitung,adira-finance-malingping-rangkas-bitung-1745746180.webp,Jl. Raya Bayah - Malingping KM 1 RT/RW 04/02 Kelurahan Malingping Utara,36,3602,3602010,42391,,,,,,,-6.782021,106.0189,https://www.google.com/maps/embed?pb=!1m17!1m12!1m3!1d3961.900019593427!2d106.01890000000002!3d-6.782021000000001!2m3!1f0!2f0!3f0!3m2!1i1024!2i768!4f13.1!3m2!1m1!2zNsKwNDYnNTUuMyJTIDEwNsKwMDEnMDguMCJF!5e0!3m2!1sid!2sid!4v1745746068995!5m2!1sid!2sid
168,Adira Finance Leuwiliang - Bogor,adira-finance-leuwiliang-bogor-1745746544.webp,Ruko Cemplang Jl. Cemplang Cibungbulang Bogor no.2 RT/RW 11/03 Kelurahan Cemplang,32,3201,3201040,16630,,,,,,,-6.575791,106.6482165,https://www.google.com/maps/embed?pb=!1m18!1m12!1m3!1d3963.5702669513203!2d106.64821649999999!3d-6.575791!2m3!1f0!2f0!3f0!3m2!1i1024!2i768!4f13.1!3m3!1m2!1s0x2e69dbc140eb102d%3A0xf4ea77ffc1feeb01!2sAdira%20Finance%20UPC%20LEUWILIANG!5e0!3m2!1sid!2sid!4v1745746427259!5m2!1sid!2sid
169,Adira Finance Cicurug - Sukabumi,adira-finance-cicurug-sukabumi-1745746933.webp,Kp. Leuwi Orok RT 09/RW 04 Kelurahan Sundawenang,32,3202,3202260,43357,,,,,,,-6.8498922,106.7638027,https://www.google.com/maps/embed?pb=!1m18!1m12!1m3!1d3961.3391067853295!2d106.7638027!3d-6.849892199999999!2m3!1f0!2f0!3f0!3m2!1i1024!2i768!4f13.1!3m3!1m2!1s0x2e683305ee026397%3A0x1dcd2bc021d271ff!2sAdira%20Finance%20Perwakilan%20Cicurug!5e0!3m2!1sid!2sid!4v1745746817774!5m2!1sid!2sid
170,Adira Finance Tanggeung - Cianjur,adira-finance-tanggeung-cianjur-1745747359.webp,Wangunjaya Tanggueng RT 05 RW 01 Kelurahan Margaluyu,32,3203,3203060,43267,,,,,,,-7.266413,107.116335,https://www.google.com/maps/embed?pb=!1m17!1m12!1m3!1d3957.7751235145356!2d107.11633499999999!3d-7.266413!2m3!1f0!2f0!3f0!3m2!1i1024!2i768!4f13.1!3m2!1m1!2zN8KwMTUnNTkuMSJTIDEwN8KwMDYnNTguOCJF!5e0!3m2!1sid!2sid!4v1745747117197!5m2!1sid!2sid
171,Adira Finance Patrol - Jatibarang,adira-finance-patrol-jatibarang-1745747724.webp,Jl. Raya Patrol Kelurahan Sukra,32,3212,3212220,45257,,,,,,,-6.315139,107.997451,https://www.google.com/maps/embed?pb=!1m17!1m12!1m3!1d3965.6078081952583!2d107.997451!3d-6.315138999999999!2m3!1f0!2f0!3f0!3m2!1i1024!2i768!4f13.1!3m2!1m1!2zNsKwMTgnNTQuNSJTIDEwN8KwNTknNTAuOCJF!5e0!3m2!1sid!2sid!4v1745747583070!5m2!1sid!2sid
172,Adira Finance Tanjung Sari - Sumedang,adira-finance-tanjung-sari-sumedang-1745748412.webp,"Perumahan Babakan Jati Permai, Jl. Tanjung Sari no. 154, RT 02 / RW 06 Kelurahan Jatisari",32,3211,3211030,45362,,,,,,,-6.906107,107.79759,https://www.google.com/maps/embed?pb=!1m17!1m12!1m3!1d3960.8703181379765!2d107.79759!3d-6.906107!2m3!1f0!2f0!3f0!3m2!1i1024!2i768!4f13.1!3m2!1m1!2zNsKwNTQnMjIuMCJTIDEwN8KwNDcnNTEuMyJF!5e0!3m2!1sid!2sid!4v1745748064613!5m2!1sid!2sid
173,Adira Finance Limbangan - Garut,adira-finance-limbangan-garut-1745748748.webp,"Jl. Raya Limbangan Kp. Lio Barat, RT 001 / RW 007 Kelurahan Limbangan Barat",32,3205,3205290,44186,,,,,,,-7.040921,107.970057,https://www.google.com/maps/embed?pb=!1m17!1m12!1m3!1d3959.730536492305!2d107.970057!3d-7.040921!2m3!1f0!2f0!3f0!3m2!1i1024!2i768!4f13.1!3m2!1m1!2zN8KwMDInMjcuMyJTIDEwN8KwNTgnMTIuMiJF!5e0!3m2!1sid!2sid!4v1745748631773!5m2!1sid!2sid
174,Adira Finance Cikajang - Garut,adira-finance-cikajang-garut-1745749186.webp,Jl. Raya Cikajang Kp. Cibodas RT. 001/RW. 005 Kelurahan Cibodas,32,3205,3205120,44171,,,,,,,-7.358767,107.81014,https://www.google.com/maps/embed?pb=!1m17!1m12!1m3!1d3956.9565549597405!2d107.81013999999999!3d-7.358766999999999!2m3!1f0!2f0!3f0!3m2!1i1024!2i768!4f13.1!3m2!1m1!2zN8KwMjEnMzEuNiJTIDEwN8KwNDgnMzYuNSJF!5e0!3m2!1sid!2sid!4v1745748874763!5m2!1sid!2sid
175,Adira Finance Singaparna - Tasikmalaya,adira-finance-singaparna-tasikmalaya-1745749723.webp,Kp. Babakan Cianda RT 01/RW 012 Kelurahan Cilampunghilir,32,3206,3206212,46466,,,,,,,-7.345274,108.132592,https://www.google.com/maps/embed?pb=!1m17!1m12!1m3!1d3957.0767898842983!2d108.13259199999999!3d-7.345274!2m3!1f0!2f0!3f0!3m2!1i1024!2i768!4f13.1!3m2!1m1!2zN8KwMjAnNDMuMCJTIDEwOMKwMDcnNTcuMyJF!5e0!3m2!1sid!2sid!4v1745749390812!5m2!1sid!2sid
176,Adira Finance Karang Nunggal - Tasikmalaya,adira-finance-karang-nunggal-tasikmalaya-1745750404.webp,Jl. Raya Karangnunggal RT 01/RW 07 Kelurahan Karangnunggal,32,3206,3206020,46189,,,,,,,-7.632134,108.112191,https://www.google.com/maps/embed?pb=!1m17!1m12!1m3!1d3954.4733543038924!2d108.112191!3d-7.632133999999998!2m3!1f0!2f0!3f0!3m2!1i1024!2i768!4f13.1!3m2!1m1!2zN8KwMzcnNTUuNyJTIDEwOMKwMDYnNDMuOSJF!5e0!3m2!1sid!2sid!4v1745749933650!5m2!1sid!2sid
177,Adira Finance Ciamis - Banjar,adira-finance-ciamis-banjar-1745750796.webp,Jl. Mr.Iwa Kusumasomantri no.21 Kp. Cibitung Girang RT.003/ 006 Kelurahan Cibeureum,32,3204,3204050,46213,,,,,,,-7.331628,108.362387,https://www.google.com/maps/embed?pb=!1m17!1m12!1m3!1d3957.1981649760655!2d108.362387!3d-7.3316279999999985!2m3!1f0!2f0!3f0!3m2!1i1024!2i768!4f13.1!3m2!1m1!2zN8KwMTknNTMuOSJTIDEwOMKwMjEnNDQuNiJF!5e0!3m2!1sid!2sid!4v1745750581301!5m2!1sid!2sid
178,Adira Finance Kuningan - Majalengka,adira-finance-kuningan-majalengka-1745751194.webp,"Jl. Pramuka no. 38, RT 007 / RW 003 Kelurahan Purwawinangun",32,3208,3208130,45512,,,,,,,-6.97379,108.481,https://www.google.com/maps/embed?pb=!1m17!1m12!1m3!1d3960.300834543674!2d108.481!3d-6.973789999999999!2m3!1f0!2f0!3f0!3m2!1i1024!2i768!4f13.1!3m2!1m1!2zNsKwNTgnMjUuNiJTIDEwOMKwMjgnNTEuNiJF!5e0!3m2!1sid!2sid!4v1745751004142!5m2!1sid!2sid
179,Adira Finance Pangandaran - Banjar,adira-finance-pangandaran-banjar-1745751510.webp,"Jl. Raya Babakan Dusun Karanggedang, RT 03, RW 04 Kelurahan Babakan",32,3218,3218070,46396,,,,,,,-7.680956,108.665344,https://www.google.com/maps/embed?pb=!1m17!1m12!1m3!1d3954.0203911150365!2d108.66534399999999!3d-7.680955999999999!2m3!1f0!2f0!3f0!3m2!1i1024!2i768!4f13.1!3m2!1m1!2zN8KwNDAnNTEuNCJTIDEwOMKwMzknNTUuMiJF!5e0!3m2!1sid!2sid!4v1745751381962!5m2!1sid!2sid
180,Adira Finance Majenang - Cilacap,adira-finance-majenang-cilacap-1745751928.webp,Pasar Majenang Jl. Matahari RT 005/RW 006 Kelurahan Sindangsari,33,3301,3301030,53257,,,,,,,-7.301475,108.77162,https://www.google.com/maps/embed?pb=!1m17!1m12!1m3!1d3957.4655664810675!2d108.77162!3d-7.301475!2m3!1f0!2f0!3f0!3m2!1i1024!2i768!4f13.1!3m2!1m1!2zN8KwMTgnMDUuMyJTIDEwOMKwNDYnMTcuOCJF!5e0!3m2!1sid!2sid!4v1745751710739!5m2!1sid!2sid
181,Adira Finance Ketanggungan - Tegal,adira-finance-ketanggungan-tegal-1745770546.webp,"Komp. Perdagangan di Jalan Utama, Jl. RA. KaRTini 003 / 001 Kelurahan Ketanggungan",33,3329,3329080,52263,,,,,,,-6.93122,108.889679,https://www.google.com/maps/embed?pb=!1m18!1m12!1m3!1d3960.6584777856233!2d108.8895965!3d-6.931361!2m3!1f0!2f0!3f0!3m2!1i1024!2i768!4f13.1!3m3!1m2!1s0x2e6fa6904be796df%3A0x690e50daafa66afb!2sAdira%20Finance%20Satelit%20Ketanggungan!5e0!3m2!1sid!2sid!4v1745770415925!5m2!1sid!2sid
182,Adira Finance Ciledug - Cirebon,adira-finance-ciledug-cirebon-1745770933.webp,"Jl. Pangeran Walasungsang no. 137, RT 01 / RW 01 Kelurahan Jatiseeng",32,3209,3209020,45188,,,,,,,-6.908712,108.739093,https://www.google.com/maps/embed?pb=!1m17!1m12!1m3!1d3960.848501979968!2d108.739093!3d-6.9087119999999995!2m3!1f0!2f0!3f0!3m2!1i1024!2i768!4f13.1!3m2!1m1!2zNsKwNTQnMzEuNCJTIDEwOMKwNDQnMjAuNyJF!5e0!3m2!1sid!2sid!4v1745770755323!5m2!1sid!2sid
183,Adira Finance Bumiayu - Tegal,adira-finance-bumiayu-tegal-1745771730.webp,Jl. P. Diponegoro no. 649 RT.02/07 Kelurahan Jatisawit,33,3329,3329030,52273,,,,,,,-7.2442675,109.0066332,https://www.google.com/maps/embed?pb=!4v1745771704673!6m8!1m7!1sL1OKla69Q-EfGdqiwif7QA!2m2!1d-7.244267465890704!2d109.0066331565782!3f260.4171772544452!4f4.067681559554927!5f0.6817447795590355
184,Adira Finance Perintis Kemerdekaan - Cilacap,adira-finance-perintis-kemerdekaan-cilacap-1745772109.webp,Jl. Perintis Kemerdekaan RT/RW 001 / 004 Kelurahan Kebonmanis,33,3301,3301730,53235,,,,,,,-7.6920697,109.0345941,https://www.google.com/maps/embed?pb=!4v1745771934564!6m8!1m7!1skq0HJIuYsWXYOQxIXOYLUw!2m2!1d-7.692069689990144!2d109.0345941112436!3f146.77105643999192!4f-3.8760201387685385!5f1.322181308182718
185,Adira Finance Purbalingga - Purwokerto,adira-finance-purbalingga-purwokerto-1745772466.webp,Jl. MT Haryono. no. 20 Kelurahan Purbalingga Kulon,33,3303,3303060,53312,,,,,,,-7.3865954,109.3464831,https://www.google.com/maps/embed?pb=!1m18!1m12!1m3!1d3956.7078855409072!2d109.3464831!3d-7.386595400000001!2m3!1f0!2f0!3f0!3m2!1i1024!2i768!4f13.1!3m3!1m2!1s0x2e65584a76240ab5%3A0xabebd626a4290409!2sAdira%20Finance!5e0!3m2!1sid!2sid!4v1745772263356!5m2!1sid!2sid
186,Adira Finance Pemalang - Pekalongan,adira-finance-pemalang-pekalongan-1745772814.webp,Jl. Jend. Sudirman Timur no. 63 RT 02 RW 06 Kelurahan Wanarejan Selatan,33,3327,3327090,52312,,,,,,,-6.8924741,109.4027876,https://www.google.com/maps/embed?pb=!4v1745772676611!6m8!1m7!1s0slp8MD8eMSM38lDllaYgQ!2m2!1d-6.8924741472444!2d109.4027875531632!3f187.3745260176342!4f4.977558712449337!5f0.7820865974627469
187,Adira Finance Kebumen - Cilacap,adira-finance-kebumen-cilacap-1745773248.webp,Jl. HM.Sarbini no.13 RT 06 / 02 Kelurahan Bumirejo,33,3305,3305120,54311,,,,,,,-7.6651042,109.6517391,https://www.google.com/maps/embed?pb=!4v1745773108471!6m8!1m7!1sKh2t5R7dIcb0z_ZhpZnqpw!2m2!1d-7.665104174467369!2d109.6517391064201!3f11.83372118603901!4f9.60380025662758!5f0.7820865974627469
188,Adira Finance Wonosobo - Banjarnegara,adira-finance-wonosobo-banjarnegara-1745773648.webp,Jl. RSUD no. 2 Kp. Sedeng Kulon RT. 13/ RW. 04 Kelurahan Wonosobo Barat,33,3307,3307090,56312,,,,,,,-7.3640532,109.8988465,https://www.google.com/maps/embed?pb=!4v1745773507144!6m8!1m7!1siTFi4atrS38baH5BhECUkg!2m2!1d-7.364053210107485!2d109.8988465150671!3f192.2772282175414!4f-0.21069621929501636!5f0.7820865974627469
189,Adira Finance Purworejo - Magelang,adira-finance-purworejo-magelang-1745808866.webp,Jl. A. Yani no. 25 A RT 05 RW 12 Kelurahan Purworejo,33,3306,3306060,54111,,,,,,,-7.7142878,110.015798,https://www.google.com/maps/embed?pb=!1m18!1m12!1m3!1d3953.709494545385!2d110.01579799999999!3d-7.714287800000001!2m3!1f0!2f0!3f0!3m2!1i1024!2i768!4f13.1!3m3!1m2!1s0x2e7aebc1488a40eb%3A0x9a61d0a1360fffd8!2sAdira%20Finance!5e0!3m2!1sen!2sid!4v1745808745531!5m2!1sen!2sid
190,Adira Finance Temanggung - Magelang,adira-finance-temanggung-magelang-1745809091.webp,Jl. Jend.Sudirman no.172 Kelurahan Kowangan,33,3323,3323030,56218,,,,,,,-7.3259595,110.1955204,https://www.google.com/maps/embed?pb=!1m18!1m12!1m3!1d3957.248517771206!2d110.19552039999999!3d-7.325959499999999!2m3!1f0!2f0!3f0!3m2!1i1024!2i768!4f13.1!3m3!1m2!1s0x2e7a826441a6b46d%3A0x465c95825c867569!2sAdira%20Finance%20RO%20Temanggung!5e0!3m2!1sen!2sid!4v1745808992461!5m2!1sen!2sid
191,Adira Finance Boja - Kendal,adira-finance-boja-kendal-1745809449.webp,Jl. Tambora RT.005 RW. 003 Kelurahan Tampingan,33,3324,3324070,51381,,,,,,,-7.105975,110.2819761,https://www.google.com/maps/embed?pb=!4v1745809256513!6m8!1m7!1shFZaiaPGStrJZcc3EyBNLg!2m2!1d-7.10597498035489!2d110.2819761190343!3f25.364383924255176!4f0.2775804670491908!5f0.7820865974627469
192,Adira Finance Ungaran - Salatiga,adira-finance-ungaran-salatiga-1745809727.webp,Jl. Moh. Yamin no. 10 Kelurahan Bandarjo,33,3322,3322151,50517,,,,,,,-7.122183,110.4088344,https://www.google.com/maps/embed?pb=!1m18!1m12!1m3!1d3959.032918790741!2d110.40883439999999!3d-7.122183000000001!2m3!1f0!2f0!3f0!3m2!1i1024!2i768!4f13.1!3m3!1m2!1s0x2e7089e8c6bf7d45%3A0xa49dd596a6f0110f!2sAdira%20Salatiga%20Ungaran!5e0!3m2!1sen!2sid!4v1745809579023!5m2!1sen!2sid
193,Adira Finance Soekarno Hatta - Semarang,adira-finance-soekarno-hatta-semarang-1745810013.webp,Jl Supriyadi No 27 Rt 01 Rw 03 Kelurahan Kalicari,33,3374,3374080,50198,,,,,,,-6.9981894,110.4562618,https://www.google.com/maps/embed?pb=!4v1745809874161!6m8!1m7!1si0LIGiPB_oSAwgiqDXIf8A!2m2!1d-6.998189412875171!2d110.4562617717056!3f277.63238349026005!4f-0.14041884296655383!5f0.7820865974627469
194,Adira Finance Wonosari - Yogyakarta,adira-finance-wonosari-yogyakarta-1745810299.webp,Jl. KH. Agus Salim no. 71 RT 02 RW 06 ,34,3403,3403090,55813,,,,,,,-7.9598305,110.5946016,https://www.google.com/maps/embed?pb=!1m18!1m12!1m3!1d3951.378009715098!2d110.59460159999999!3d-7.959830500000002!2m3!1f0!2f0!3f0!3m2!1i1024!2i768!4f13.1!3m3!1m2!1s0x2e7bb347de05d9b1%3A0x5e0d2d2fa0b89175!2sAdira%20Wonosari!5e0!3m2!1sen!2sid!4v1745810174243!5m2!1sen!2sid
195,Adira Finance Boyolali - Klaten,adira-finance-boyolali-klaten-1745810534.webp,Jl. Kates no. 2 Kelurahan Banaran,33,3309,3309050,57313,,,,,,,-7.5351193,110.6008034,https://www.google.com/maps/embed?pb=!4v1745810438581!6m8!1m7!1srPkh7B-PBwhxOJhXwoLzxw!2m2!1d-7.53511925215553!2d110.6008034410508!3f118.37122350152742!4f2.503164692591639!5f1.4265923283193342
196,Adira Finance Gubug - Purwodadi,adira-finance-gubug-purwodadi-1745811421.webp,"Jl. A. Yani, RT 05 / RW 04 Kelurahan Gubug",33,3315,3315170,58164,,,,,,,-7.0517576,110.6599146,https://www.google.com/maps/embed?pb=!4v1745811294837!6m8!1m7!1sI71gp9HXDDFx3fCXpl56lQ!2m2!1d-7.051757624787268!2d110.6599145923821!3f172.90432004152967!4f-6.37048298673642!5f0.7820865974627469
197,Adira Finance Demak - Semarang,adira-finance-demak-semarang-1745813331.webp,Jl. Sunan Kalijogo no. 1350 RT/RW 01/10 Kelurahan Bintoro,33,3321,3321070,59511,,,,,,,-6.898055,110.6277304,https://www.google.com/maps/embed?pb=!4v1745813317841!6m8!1m7!1sq8AiBUPqP8da7CTyYE4H3A!2m2!1d-6.898055880221218!2d110.6277304436827!3f103.10618027112919!4f2.0403094039830734!5f1.4145556139877882
198,Adira Finance Jepara - Kudus,adira-finance-jepara-kudus-1745813787.webp,"Jl. Pemuda no. 10 A, RT 03 / RW 07 Kelurahan Panggang",33,3320,3320080,59412,,,,,,,-6.595792,110.6673668,https://www.google.com/maps/embed?pb=!4v1745813673970!6m8!1m7!1sBzHX1iiAubZwI1Jqk6iKSg!2m2!1d-6.595791977056653!2d110.6673667912671!3f358.728481002361!4f-1.2435832227387777!5f0.7820865974627469
199,Adira Finance Wonogiri - Solo,adira-finance-wonogiri-solo-1745814235.webp,Jl. A. Yani 172 RT 1/ RW 2 Kerdukepik Kelurahan Giripurwo,33,3312,3312140,57612,,,,,,,-7.8109742,110.9242571,https://www.google.com/maps/embed?pb=!4v1745814032869!6m8!1m7!1sZJeWfnTR0hBg4NLLtSmuLQ!2m2!1d-7.810974159669098!2d110.9242571471928!3f248.96041773229763!4f-2.8787723934427163!5f0.7820865974627469
200,Adira Finance Karang Anyar - Sragen,adira-finance-karang-anyar-sragen-1745814713.webp,Jl. Lawu no. 31 Kelurahan Karanganyar,33,3313,3313090,57751,,,,,,,-7.5969896,110.9498396,https://www.google.com/maps/embed?pb=!4v1745814540716!6m8!1m7!1sWWLR3QvK49WVtGHar8aikg!2m2!1d-7.596989556857705!2d110.9498395550732!3f214.17174612161458!4f5.713936179670043!5f1.5712356434459425
201,Adira Finance Pacitan - Ponorogo,adira-finance-pacitan-ponorogo-1745815147.webp,Jl. Panglima Sudirman no. 151 RT/RW 02/01 Kelurahan Baleharjo,35,3501,3501040,63571,,,,,,,-8.1957076,111.108745,https://www.google.com/maps/embed?pb=!4v1745815017882!6m8!1m7!1sQwTDIRSzmfaYtkhZnjpsOg!2m2!1d-8.195707608532024!2d111.1087449685516!3f190.58149990867005!4f-0.4857705385408764!5f0.5092212235469578
202,Adira Finance Rembang - Pati,adira-finance-rembang-pati-1745815359.webp,Jl. P Sudirman no. 163 RT 01/03 Kelurahan Kabongan Lor,33,3317,3317100,59219,,,,,,,-6.7057352,111.357594,https://www.google.com/maps/embed?pb=!4v1745815268987!6m8!1m7!1s2KyikoB6bEB4rXdUOuoxUQ!2m2!1d-6.705735234238511!2d111.3575939702801!3f1.5717113!4f0!5f0.7820865974627469
203,Adira Finance Ngawi - Madiun,adira-finance-ngawi-madiun-1745815664.webp,Jl. Yos Sudarso no. 28 Kelurahan Margomulyo,35,3521,3521110,63217,,,,,,,-7.4090854,111.4435705,https://www.google.com/maps/embed?pb=!4v1745815492208!6m8!1m7!1s9tBq99HWRQP2u0JrmzJkkA!2m2!1d-7.409085378501081!2d111.443570450121!3f97.4991337373952!4f8.373859878131597!5f1.6958802990717108
204,Adira Finance Semeru - Madiun,adira-finance-semeru-madiun-1745816256.webp,Jl. H. Agus Salim No. 176 Rt/Rw 18/05 Kelurahan Pangongangan,35,3577,3577010,63129,,,,,,,-7.6385979,111.5175394,https://www.google.com/maps/embed?pb=!4v1745816069397!6m8!1m7!1saQXrjd9xmTh210i5ScBcsA!2m2!1d-7.638597888202252!2d111.5175394228654!3f260.6832156735164!4f1.8933865864914452!5f0.7820865974627469
205,Adira Finance Trenggalek - Tulungagung,adira-finance-trenggalek-tulungagung-1745816577.webp,Jl. Soekarno-Hatta Komplek Ruko Hayam Wuruk no. A2-A3 Kelurahan Ngantru,35,3503,3503110,66316,,,,,,,-8.0647808,111.7070211,https://www.google.com/maps/embed?pb=!4v1745816441403!6m8!1m7!1sANMHWyJHpkKA_E5DAwJfIw!2m2!1d-8.064780772406255!2d111.707021129479!3f50.47209505807774!4f1.048854352770931!5f0.4000000000000002
206,Adira Finance Nganjuk - Kediri,adira-finance-nganjuk-kediri-1745822661.webp,Jl. Gatot Subroto Kelurahan Kauman,35,3518,3518140,64314,,,,,,,-7.5937336,111.8938949,https://www.google.com/maps/embed?pb=!4v1745822485832!6m8!1m7!1s4VLPHEMLdgDFLAUnGIY5uQ!2m2!1d-7.593733594351042!2d111.893894925095!3f215.1065994784392!4f-0.6859898995584359!5f0.857574004699523
207,Adira Finance Lukman Hakim - Tuban,adira-finance-lukman-hakim-tuban-1745823011.webp,Jl. Lukman Hakim no. 43 Tuban RT 03/RW 04 Kelurahan Doromukti,35,3523,3523130,62316,,,,,,,-6.9016455,112.0591752,https://www.google.com/maps/embed?pb=!4v1745822825358!6m8!1m7!1sWZWPzhOqqpU68QAYhzVlPA!2m2!1d-6.901645487304774!2d112.0591751723978!3f292.2728475063083!4f-2.1447449864084405!5f0.7820865974627469
208,Adira Finance Erlangga Syariah - Kediri,adira-finance-erlangga-syariah-kediri-1745823396.webp,Jl. Erlangga 39 RT 02 RW 10 Kelurahan Banjaran,35,3571,3571020,64122,,,,,,,-7.8162171,112.0225096,https://www.google.com/maps/embed?pb=!4v1745823245293!6m8!1m7!1smnHsF829IcgMw5AYDeP5jw!2m2!1d-7.816217127360284!2d112.0225096419115!3f350.38126372181137!4f-11.765763526369938!5f0.4000000000000002
209,Adira Finance Jombang - Mojokerto,adira-finance-jombang-mojokerto-1745824404.webp,Jl. Soekarno. Hatta no. 3 Komp. Ruko Cempaka Mas Blok A no. 19-20 Kelurahan Kepuhkembeng,35,3517,3517120,61326,,,,,,,-7.5378774,112.2517552,https://www.google.com/maps/embed?pb=!4v1745824389485!6m8!1m7!1s_olM-CLSUTYG8EXs9yjv3w!2m2!1d-7.537877406394439!2d112.2517551774296!3f337.8404893285249!4f-1.429552275816178!5f0.7820865974627469
210,Adira Finance Lamongan - Gresik,adira-finance-lamongan-gresik-1745824784.webp,"Ruko Lamongan Trade Center Blok B 9-10, Jl. Sunan Giri Kelurahan Tumenggungan",35,3524,3524130,62215,,,,,,,-7.112788,112.4084408,https://www.google.com/maps/embed?pb=!4v1745824608328!6m8!1m7!1sy1lcGWy0iCNBfziRbnXk6Q!2m2!1d-7.112787962391494!2d112.4084407988733!3f268.80190207773165!4f-6.3921768035540225!5f0.7820865974627469
211,Adira Finance Wlingi - Blitar,adira-finance-wlingi-blitar-1745825096.webp,"Jl. Panglima Sudirman, RT 01 / RW 05 Kelurahan Beru",35,3505,3505140,66184,,,,,,,-8.0854335,112.3147865,https://www.google.com/maps/embed?pb=!4v1745824939793!6m8!1m7!1sEUnOwTeyy0WMvQ7AUCjNzA!2m2!1d-8.085433467187164!2d112.3147865243153!3f215.27414620066207!4f-4.423046565800561!5f0.7820865974627469
212,Adira Finance Mojosari - Mojokerto,adira-finance-mojosari-mojokerto-1745825412.webp,Komp Ruko Royal RE-2 Jl. Airlangga Kelurahan Seduri,35,3516,3516080,61382,,,,,,,-7.5181846,112.5569718,https://www.google.com/maps/embed?pb=!4v1745825324059!6m8!1m7!1sg6plBDfAXDgi32XQHhxxsA!2m2!1d-7.518184606691923!2d112.5569718100941!3f115.36494024963994!4f2.543830125961364!5f0.4000000000000002
213,Adira Finance Pandaan - Pasuruan,adira-finance-pandaan-pasuruan-1745825710.webp,Jl. Raya Kalitengah no. 11 RT.6/5 Kelurahan Karangjati,35,3514,3514120,67156,,,,,,,-7.6615324,112.6981108,https://www.google.com/maps/embed?pb=!4v1745825603951!6m8!1m7!1sdlVraAObhcfZkPtqyi9cUg!2m2!1d-7.661532373849438!2d112.698110768428!3f62.48962755412933!4f-0.38047656944847574!5f0.8596565126936377
214,Adira Finance Lumajang - Probolinggo,adira-finance-lumajang-probolinggo-1745826710.webp,Jl. Wahid Hasyim 80 Lumajang Kelurahan Tompokersan,35,3508,3508060,67311,,,,,,,-8.1301606,113.2166399,https://www.google.com/maps/embed?pb=!4v1745826565868!6m8!1m7!1sdiqVLmEAThAur5Hc7qbP_g!2m2!1d-8.13016055480666!2d113.2166399149206!3f18.284079874029175!4f4.446587022761079!5f0.4000000000000002
215,Adira Finance Balung - Jember,adira-finance-balung-jember-1745826995.webp,Jl. Rambipuji no. 120 Kelurahan Balunglor,35,3509,3509130,68161,,,,,,,-8.2727559,113.5379098,https://www.google.com/maps/embed?pb=!4v1745826835157!6m8!1m7!1sK9R-ADvpoZwb5Y7V07eXGQ!2m2!1d-8.2727558651598!2d113.5379098436826!3f144.20124462313632!4f3.667080147580492!5f0.7820865974627469
216,Adira Finance Bondowoso - Situbondo,adira-finance-bondowoso-situbondo-1745827540.webp,"Ruko Crown Plaza, Wahid Hasyim 168 Kelurahan Blindungan",35,3511,3511100,68212,,,,,,,-7.9133091,113.8311955,https://www.google.com/maps/embed?pb=!4v1745827442154!6m8!1m7!1skrT1wdeKl2OzMKAGmglkUg!2m2!1d-7.913309122029862!2d113.8311954617437!3f34.29022179987811!4f-3.2695171543916217!5f0.7820865974627469
217,Adira Finance Genteng - Banyuwangi,adira-finance-genteng-banyuwangi-1745827822.webp,"Jl. Hasanuddin no. 81, RT 03 / RW 04 Kelurahan Gentengwetan",35,3510,3510100,68465,,,,,,,-8.3647211,114.1446229,https://www.google.com/maps/embed?pb=!4v1745827718994!6m8!1m7!1sZe3tOL6Qu8lsKK2yUTj5RA!2m2!1d-8.364721051536533!2d114.144622876851!3f147.61313743796518!4f-8.826182255720525!5f0.7820865974627469
218,Adira Finance Bangkalan - Surabaya,adira-finance-bangkalan-surabaya-1745828110.webp,Jl. R. E. Martadinata no. 28 Kelurahan Mlajah,35,3526,3526110,69116,,,,,,,-7.0503401,112.7312577,https://www.google.com/maps/embed?pb=!4v1745827987483!6m8!1m7!1slp0gfhREgL_xHdfb4O_dpg!2m2!1d-7.050340068632013!2d112.7312577295799!3f47.399129546588654!4f-13.368733761881316!5f0.5030065408343913
219,Adira Finance Sampang - Pamekasan,adira-finance-sampang-pamekasan-1745828317.webp,Jl. Diponogoro RT/RW 03/03 Kelurahan Banyuanyar,35,3527,3527030,69217,,,,,,,-7.2092995,113.2554511,https://www.google.com/maps/embed?pb=!4v1745828231761!6m8!1m7!1scuxIKpib7YEShuhcZFmbuw!2m2!1d-7.209299520033537!2d113.2554511254664!3f13.996694433699775!4f2.802026126481593!5f0.7302622868180842
220,Adira Finance Sumenep - Pamekasan,adira-finance-sumenep-pamekasan-1745828598.webp,Jl. Pahlawan no. 28 Kelurahan Talango,35,3529,3529050,69412,,,,,,,-7.001946,113.8591173,https://www.google.com/maps/embed?pb=!4v1745828479057!6m8!1m7!1s92-c--l8OsCbKb85jE4StA!2m2!1d-7.001946042948785!2d113.8591173164377!3f37.63684385107719!4f3.3794984522332783!5f0.7820865974627469
221,Adira Finance Ngurai Rai - Negara,adira-finance-ngurai-rai-negara-1745894207.webp,Jl. Ngurah Rai no. 70 Kelurahan Air Kuning,51,5101,5101021,82251,,,,,,,-8.3609636,114.6318442,https://www.google.com/maps/embed?pb=!4v1745894051754!6m8!1m7!1swSbHwcxGNXgN_8EJSAb72g!2m2!1d-8.360963582806077!2d114.6318441852754!3f157.61147325681983!4f1.2932933953639036!5f0.7820865974627469
222,Adira Finance Karangasem - Gianyar,adira-finance-karangasem-gianyar-1745894580.webp,Jl. Jend. Sudirman ,51,5107,5107040,80813,,,,,,,-8.4519916,115.6036133,https://www.google.com/maps/embed?pb=!4v1745894444381!6m8!1m7!1sd1uT23QclrRdTxzHxcX1_A!2m2!1d-8.451991594036423!2d115.60361333109!3f146.80785108964386!4f1.030238299333817!5f0.7820865974627469
223,Adira Finance Sigli - Aceh,adira-finance-sigli-aceh-1745895451.webp,Jl. Prof. A Madjid Ibrahim ,11,1109,1109210,24111,,,,,,,5.379943,95.958111,https://www.google.com/maps/embed?pb=!1m14!1m8!1m3!1d31777.940488748518!2d95.958111!3d5.379943!3m2!1i1024!2i768!4f13.1!3m3!1m2!1s0x3040ecc6c7396975%3A0xc62b74cc078d1ae1!2sPT.ADIRA%20FINANCE%20-%20SIGLI!5e0!3m2!1sid!2sid!4v1745895266484!5m2!1sid!2sid
224,Adira Finance Johan Pahlawan - Meulaboh,adira-finance-johan-pahlawan-meulaboh-1745895785.webp,Jl. Manekroo Simpang Geureutee Kelurahan Kuta Padang,11,1107,1107050,23614,,,,,,,4.14984,96.121674,https://www.google.com/maps/embed?pb=!1m18!1m12!1m3!1d3979.3578622946975!2d96.121674!3d4.14984!2m3!1f0!2f0!3f0!3m2!1i1024!2i768!4f13.1!3m3!1m2!1s0x303ec300723e4057%3A0xcd03ed6f359c4d96!2sPT%20Adira%20Finance%20Syariah%20Cab%20Meulaboh!5e0!3m2!1sen!2sid!4v1745895769373!5m2!1sen!2sid
225,Adira Finance Bireun - Aceh,adira-finance-bireun-aceh-1745896064.webp,Jl. Laksamana Malahayati no.5 Kelurahan Kota Bireun (Bireuen),11,1110,1110061,24251,,,,,,,5.206512,96.694579,https://www.google.com/maps/embed?pb=!1m17!1m12!1m3!1d3973.356694070757!2d96.69457899999999!3d5.206512!2m3!1f0!2f0!3f0!3m2!1i1024!2i768!4f13.1!3m2!1m1!2zNcKwMTInMjMuNCJOIDk2wrA0MSc0MC41IkU!5e0!3m2!1sen!2sid!4v1745895990767!5m2!1sen!2sid
226,Adira Finance Takengon - Aceh,adira-finance-takengon-aceh-1745896284.webp,Jl. Bireuen-Takengon Kelurahan Bebesen,11,1106,1106050,24471,,,,,,,4.628573,96.831788,https://www.google.com/maps/embed?pb=!1m17!1m12!1m3!1d3976.806564744579!2d96.83178799999999!3d4.628572999999999!2m3!1f0!2f0!3f0!3m2!1i1024!2i768!4f13.1!3m2!1m1!2zNMKwMzcnNDIuOSJOIDk2wrA0OSc1NC40IkU!5e0!3m2!1sen!2sid!4v1745896171271!5m2!1sen!2sid
227,Adira Finance Blangpidi - Meulaboh,adira-finance-blangpidi-meulaboh-1745896547.webp,Jl Kesehatan Kelurahan Kuta Tuha,11,1112,1112030,23764,,,,,,,3.739852,96.835083,https://www.google.com/maps/embed?pb=!1m17!1m12!1m3!1d3981.3219684303867!2d96.835083!3d3.7398520000000004!2m3!1f0!2f0!3f0!3m2!1i1024!2i768!4f13.1!3m2!1m1!2zM8KwNDQnMjMuNSJOIDk2wrA1MCcwNi4zIkU!5e0!3m2!1sen!2sid!4v1745896460611!5m2!1sen!2sid
228,Adira Finance Phanton Labu - Aceh,adira-finance-phanton-labu-aceh-1745897167.webp,Jl. T. Hamzah Bandahara Kelurahan Ceumpeudak,11,1111,1111080,24394,,,,,,,5.121463,97.446544,https://www.google.com/maps/embed?pb=!4v1745897056846!6m8!1m7!1sR7Gde0-KF0jXqIljlXLhBA!2m2!1d5.121463033395163!2d97.4465439871251!3f53.75658217424838!4f4.087998326304856!5f0.7820865974627469
229,Adira Finance Idi - Langsa,adira-finance-idi-langsa-1745897485.webp,Jl. Medan Banda Aceh Kelurahan Tanoh Anoe,11,1105,1105130,24454,,,,,,,4.947547,97.771561,https://www.google.com/maps/embed?pb=!1m17!1m12!1m3!1d3974.9525355782653!2d97.77156099999999!3d4.947547!2m3!1f0!2f0!3f0!3m2!1i1024!2i768!4f13.1!3m2!1m1!2zNMKwNTYnNTEuMiJOIDk3wrA0NicxNy42IkU!5e0!3m2!1sen!2sid!4v1745897314410!5m2!1sen!2sid
230,Adira Finance Kuala Simpang - Langsa,adira-finance-kuala-simpang-langsa-1745897720.webp,Jl. Medan - Banda Aceh Kelurahan Tanah Terban,11,1114,1114070,24476,,,,,,,4.3046599,98.04659,https://www.google.com/maps/embed?pb=!4v1745897615157!6m8!1m7!1swPxaSOVChL-2_SkbdBPTog!2m2!1d4.304659909665711!2d98.04659033203095!3f331.47262249428815!4f5.834239059078328!5f1.6732923005420424
231,Adira Finance Subulussalam - Meulaboh,adira-finance-subulussalam-meulaboh-1745898373.webp,Jl. Teuku Umar Simpang Kiri Kelurahan Subulussalam,11,1175,1175010,24782,,,,,,,2.6391452,98.0085523,https://www.google.com/maps/embed?pb=!4v1745898232998!6m8!1m7!1su8K2jcbey-EQ2vMumdzwNg!2m2!1d2.639145247878908!2d98.00855228206888!3f216.2198356377638!4f2.287478182938969!5f0.7820865974627469
232,Adira Finance Kabanjahe - Medan,adira-finance-kabanjahe-medan-1745898804.webp,"Jl. Kapten Upah Tendi Sebayang no. 07, RT 005 / RW 003 Kelurahan Padang Mas",12,1211,1211090,21148,,,,,,,3.0998895,98.4863973,https://www.google.com/maps/embed?pb=!4v1745898679043!6m8!1m7!1s10cNzC1U_ShqrTHsKjTQOg!2m2!1d3.099889500607552!2d98.48639729316845!3f65.32192930032461!4f2.394236315610897!5f0.4000000000000002
233,Adira Finance Ringroad - Medan,adira-finance-ringroad-medan-1745899209.webp,"Komplek OCBC no. 8-11, Jl. Ringroad Setiabudi II Kelurahan Sunggal",12,1275,1275110,20122,,,,,,,3.566771,98.626191,https://www.google.com/maps/embed?pb=!1m18!1m12!1m3!1d3982.0899477395483!2d98.62619104030918!3d3.5667709796960314!2m3!1f0!2f0!3f0!3m2!1i1024!2i768!4f13.1!3m3!1m2!1s0x30312fa4c62d78d3%3A0xc608a87e42debeac!2sAdira%20Finance!5e0!3m2!1sen!2sid!4v1745899089131!5m2!1sen!2sid
234,Adira Finance Marelan - Medan,adira-finance-marelan-medan-1745899425.webp,Jl. Marelan Pasar IV no. 66 Kelurahan Rengas Pulau,12,1275,1275200,20255,,,,,,,3.7034423,98.6586279,https://www.google.com/maps/embed?pb=!4v1745899320184!6m8!1m7!1seVIwHU8N30DpZenvcGlI4g!2m2!1d3.703442289229887!2d98.65862793737122!3f102.70489840260248!4f-0.2812575937205253!5f0.7820865974627469
235,Adira Finance Tembung - Medan,adira-finance-tembung-medan-1745899842.webp,Komplek Mega City Tembung Blok A20 Kelurahan Bandar Khalipah,12,1212,1212260,20371,,,,,,,3.5975694,98.744884,https://www.google.com/maps/embed?pb=!4v1745899828862!6m8!1m7!1s_be1sJgf_FiSWeoN_BbCOw!2m2!1d3.597569388162461!2d98.74488397254478!3f106.8923328423923!4f4.74250273277589!5f0.5074835691492265
236,Adira Finance Lubuk Pakam - Medan,adira-finance-lubuk-pakam-medan-1745900140.webp,Jl. Diponegoro no. III Kelurahan Lubuk Pakam I Ii,12,1212,1212300,20512,,,,,,,3.5604101,98.872664,https://www.google.com/maps/embed?pb=!4v1745900016876!6m8!1m7!1sQ8n3jT4aA92KSkuL0mrC0g!2m2!1d3.56041011910184!2d98.87266403293125!3f332.53991319166227!4f5.524700903331393!5f0.6063772300551638
237,Adira Finance Sei Rampah - Tebing Tinggi,adira-finance-sei-rampah-tebing-tinggi-1745900405.webp,"Komp. Asia Bisnis Center (ABC) no. 88D, Jl. Negara Kelurahan Sei Rampah",12,1218,1218080,20695,,,,,,,3.48589,99.131928,https://www.google.com/maps/embed?pb=!1m17!1m12!1m3!1d3982.4363677905217!2d99.131928!3d3.48589!2m3!1f0!2f0!3f0!3m2!1i1024!2i768!4f13.1!3m2!1m1!2zM8KwMjknMDkuMiJOIDk5wrAwNyc1NC45IkU!5e0!3m2!1sen!2sid!4v1745900301742!5m2!1sen!2sid
238,Adira Finance Ahmad Yani - Tebing Tinggi,adira-finance-ahmad-yani-tebing-tinggi-1745900714.webp,Jl. Ahmad Yani no. 200 A - C Kelurahan Padang Merbau,12,1274,1274010,20621,,,,,,,3.3256309,99.1546957,https://www.google.com/maps/embed?pb=!4v1745900592812!6m8!1m7!1sTxbqq86dWq8Yeza7YX1Tig!2m2!1d3.325630906678493!2d99.15469570185627!3f129.75186778027222!4f8.268783563435775!5f0.812194529054963
239,Adira Finance Balige - Pematang Siantar,adira-finance-balige-pematang-siantar-1745901089.webp,Jl. Sisingamaraja no. 158 Kelurahan Napitupulu Bagasan,12,1206,1206030,22311,,,,,,,2.3342905,99.067558,https://www.google.com/maps/embed?pb=!4v1745900998780!6m8!1m7!1s3m6Mvo9Yw6NiFK_WVl-OiA!2m2!1d2.334290503200799!2d99.06755803799541!3f12.777723708534442!4f9.369255574048779!5f0.9063166350741308
240,Adira Finance Aek Kanopan - Kisaran,adira-finance-aek-kanopan-kisaran-1745901435.webp,Jl. Besar Aek Loba Pekan Kelurahan Aek Loba Pekan,12,1208,1208031,21273,,,,,,,2.656016,99.6296983,https://www.google.com/maps/embed?pb=!4v1745901340957!6m8!1m7!1s10GN0mLwTOiFNQV6SQB0YQ!2m2!1d2.656016020246141!2d99.62969825041671!3f67.84042020996787!4f3.54194133563162!5f0.7820865974627469
241,Adira Finance Padang Sidempuan - Rantau Prapat,adira-finance-padang-sidempuan-rantau-prapat-1745902582.webp,"Jl. Sudirman no. 62 B, WEK II Kelurahan Wek Ii",12,1277,1277040,22718,,,,,,,1.3820731,99.2699687,https://www.google.com/maps/embed?pb=!4v1745902486954!6m8!1m7!1swvEGvAsEomRt_vcMXxlV9Q!2m2!1d1.382073122958575!2d99.26996866745682!3f52.69083056575126!4f4.755061680726413!5f0.4000000000000002
242,Adira Finance Sibuhuan - Rantau Prapat,adira-finance-sibuhuan-rantau-prapat-1745984709.webp,Jl. K.H. Dewantara Lingkungan VI Kelurahan Pasar Sibuhuan,12,1221,1221030,22763,,,,,,,1.0504982,99.7361917,https://www.google.com/maps/embed?pb=!4v1745984912226!6m8!1m7!1sE1TOTMsgd-thh4yTwg-3oA!2m2!1d1.050498150948773!2d99.73619168002759!3f0.6419792831893005!4f-1.8613633483376617!5f0.7820865974627469
243,Adira Finance Bagan Batu - Dumai Ombak,adira-finance-bagan-batu-dumai-ombak-1745985477.webp,Jl. Jend. Sudirman RT/RW 02/02 Kelurahan Bagan Batu,14,1409,1409020,28992,,,,,,,1.7095762,100.397445,https://www.google.com/maps/embed?pb=!4v1745985381580!6m8!1m7!1sM-Eq2Tmdy-QOyEcvvcaSEw!2m2!1d1.709576244334831!2d100.3974450113892!3f222.2095258071351!4f4.686197676901315!5f0.7820865974627469
244,Adira Finance Ujung Gading - Pasaman,adira-finance-ujung-gading-pasaman-1745986055.webp,Jl. Flores Jorong Kuamang Kelurahan Ujung Gading,13,1312,1312050,26372,,,,,,,0.27576,99.5515907,https://www.google.com/maps/embed?pb=!4v1745985953498!6m8!1m7!1sOzosZQm1ykVTcar_5W2AiQ!2m2!1d0.2757600367602743!2d99.55159065944282!3f21.008153496673632!4f-2.259717989965253!5f0.7820865974627469
245,Adira Finance Dalu-Dalu - Bangkinang,adira-finance-dalu-dalu-bangkinang-1745986490.webp,Jl. Tuanku Tambusai RT 01/RW 01 Kelurahan Tambusai Tengah,14,1407,1407050,28558,,,,,,,1.0813669,100.2447066,https://www.google.com/maps/embed?pb=!4v1745986371859!6m8!1m7!1sCuTyYy8J5Sn898ik5Es8Rg!2m2!1d1.081366898524719!2d100.2447066075468!3f181.51747801053781!4f-7.899788184198854!5f0.4000000000000002
246,Adira Finance Gunungsitoli - Nias,adira-finance-gunungsitoli-nias-1745988190.webp,Jl. Diponegoro no. 161 Kelurahan Ilir,12,1278,1278040,22811,,,,,,,1.2853926,97.6244009,https://www.google.com/maps/embed?pb=!4v1745988128592!6m8!1m7!1s4vgEZ3iO6opMWe0oXDF0gg!2m2!1d1.285392580215944!2d97.62440091322652!3f46.85667306390432!4f-0.44825782037511885!5f0.7820865974627469
247,Adira Finance Pasir Pangarayan - Bangkinang,adira-finance-pasir-pangarayan-bangkinang-1745988561.webp,Jl. Tuanku Tambusai RT 01/ RW 02 Pasir Putih Timur Kelurahan Pemalang Berangan,14,1407,1407040,28557,,,,,,,0.8850099,100.298233,https://www.google.com/maps/embed?pb=!4v1745988468161!6m8!1m7!1sp1qdeNWzWVyPyssRMNTsKw!2m2!1d0.8850098729844906!2d100.2982329768537!3f127.03024625997851!4f1.7053694222218638!5f0.7820865974627469
248,Adira Finance Ujung Batu Rokan - Bangkinang,adira-finance-ujung-batu-rokan-bangkinang-1745989064.webp,Jl. Jend. Sudirman RT. 04 / RW. 04 Kelurahan Ujung Batu Timur,14,1407,1407022,28554,,,,,,,0.7023625,100.5459246,https://www.google.com/maps/embed?pb=!4v1745988976165!6m8!1m7!1sBwrms__6XtEhi6Zls6wQfQ!2m2!1d0.7023625346474254!2d100.5459246401942!3f216.73524902139022!4f-3.6157722386586784!5f0.7820865974627469
249,Adira Finance Duri - Dumai,adira-finance-duri-dumai-1745995748.webp,"Jl. Lintas Duri Dumai KM 125, RT 10 / RW 3 Kelurahan Kota Bengkalis",14,1408,1408040,28828,,,,,,,1.3057377,101.1785351,https://www.google.com/maps/embed?pb=!4v1745995664303!6m8!1m7!1sYgjNuHwoLPGjB2XaQ8p3Zw!2m2!1d1.305737747599869!2d101.1785350534506!3f305.9078777328032!4f-4.086753408765759!5f0.7820865974627469
250,Adira Finance Lubuk Sikaping - Pasaman,adira-finance-lubuk-sikaping-pasaman-1745996375.webp,"Komp. Pasar Lamo, Jl. Sudirman no. 241 Kelurahan Durian Tinggi",13,1309,1309080,26351,,,,,,,0.1252955,100.1710876,https://www.google.com/maps/embed?pb=!4v1745996276124!6m8!1m7!1sGBohDBHZCxcWUbOTLraKyQ!2m2!1d0.125295542308125!2d100.1710875678758!3f76.0098740812015!4f4.475949661890894!5f0.8556774146159901
251,Adira Finance Kandis - Perawang,adira-finance-kandis-perawang-1745997513.webp,Jl. Lintas Pekanbaru - Duri KM 72 01/02 Kelurahan Telaga Sam Sam,14,1405,1405012,28886,,,,,,,0.8953778,101.2386268,https://www.google.com/maps/embed?pb=!4v1745997391809!6m8!1m7!1saNOlthx4FSow_dyy3P-QJQ!2m2!1d0.8953777627296446!2d101.2386268138511!3f201.53264523516808!4f1.2009982384550426!5f1.000069021145063
252,Adira Finance Bengkalis - Dumai,adira-finance-bengkalis-dumai-1745997715.webp,Jl. Gatot Subroto RT 01 RW 04 Kelurahan Rimba Sekampung,14,1408,1408040,28751,,,,,,,1.4757119,102.1185389,https://www.google.com/maps/embed?pb=!4v1745997631873!6m8!1m7!1s0CI81dOWf1K6BgcZC_BoMg!2m2!1d1.475711907439196!2d102.1185388669452!3f99.80573277643418!4f-7.0271514830944!5f0.7820865974627469
253,Adira Finance Jambu Air - Bukit Tinggi,adira-finance-jambu-air-bukit-tinggi-1745998663.webp,Ruko Panama Jl. Jambu Air KM 2 no.75 & 77 Kelurahan Sungai Pua,13,1307,1307062,27371,,,,,,,-0.3269314,100.3798682,https://www.google.com/maps/embed?pb=!4v1745998542877!6m8!1m7!1s1OxyAd7tN0TyztIJnirTfg!2m2!1d-0.3269314295914603!2d100.3798682401277!3f66.45193642024458!4f-0.8239429219501346!5f0.7820865974627469
254,Adira Finance Payakumbuh - Bukit Tinggi,adira-finance-payakumbuh-bukit-tinggi-1745998901.webp,"Komp Toyota Intercom Payakumbuh Jl. Sukarno. Hatta, no. 1 Kelurahan Pakan Sinayan",13,1376,1376010,26229,,,,,,,-0.2521353,100.6102685,https://www.google.com/maps/embed?pb=!4v1745998785167!6m8!1m7!1s2pBKSW2VVmFCV7VYfqw73w!2m2!1d-0.2521352528098738!2d100.6102685376976!3f268.8589336907461!4f9.317687252201637!5f0.7820865974627469
255,Adira Finance Pangkalan Kerinci - Perawang,adira-finance-pangkalan-kerinci-perawang-1745999436.webp,"Jl. Akasia no. 58 E-F, RT. 001 RW. 003 Kelurahan Pangkalan Kerinci",14,1404,1404031,28300,,,,,,,0.3915851,101.8487477,https://www.google.com/maps/embed?pb=!4v1745999166016!6m8!1m7!1sy8bKKTNibPALfy_zQ7mA1Q!2m2!1d0.3915851297417832!2d101.8487476877268!3f200.86710861248696!4f5.185412890493524!5f1.813266100787808
256,Adira Finance Jenderal Sudirman - Pekanbaru,adira-finance-jenderal-sudirman-pekanbaru-1745999912.webp,"Jl. Jend Sudirman no.121 Pekanbaru, RT 01 RW 05 Kelurahan Wonorejo",14,1471,1471021,28251,,,,,,,0.5054105,101.4514196,https://www.google.com/maps/embed?pb=!4v1745999820205!6m8!1m7!1s5fjqwyLi44gH-u-_PYFk4Q!2m2!1d0.5054104696923449!2d101.45141957964!3f284.03669722510494!4f7.891670659836834!5f0.7820865974627469
257,Adira Finance Thamrin - Padang,adira-finance-thamrin-padang-1746000313.webp,Jl. Thamrin no. 1 Kelurahan Belakang Pondok,13,1371,1371040,25211,,,,,,,-0.9557776,100.3605279,https://www.google.com/maps/embed?pb=!4v1746000214126!6m8!1m7!1sMo4mI1toldRfAHJktFduEA!2m2!1d-0.9557775764714121!2d100.3605279057141!3f124.45647585398056!4f5.00759713324581!5f0.7820865974627469
258,Adira Finance Sorek - Perawang,adira-finance-sorek-perawang-1746000887.webp,"Jl. Lintas Timur, RT 003 / RW 001 Kelurahan Sorek I",14,1404,1404020,28382,,,,,,,0.3915851,101.8487477,https://www.google.com/maps/embed?pb=!4v1746000814257!6m8!1m7!1sy8bKKTNibPALfy_zQ7mA1Q!2m2!1d0.3915851297417832!2d101.8487476877268!3f197.49750565837556!4f6.354962156901806!5f0.7820865974627469
259,Adira Finance Siak - Perawang,adira-finance-siak-perawang-1746001249.webp,Jl. Raja Kecik RT 012 RW 04 Kelurahan Kampung Dalam,14,1405,1405020,28771,,,,,,,0.7984553,102.04941,https://www.google.com/maps/embed?pb=!4v1746001037890!6m8!1m7!1sMPQROPkTg-KFjVBMrMjcJQ!2m2!1d0.7984553071924584!2d102.0494099598544!3f184.75793388659656!4f1.4950634608736664!5f1.7092007118120613
260,Adira Finance Selat Panjang - Dumai,adira-finance-selat-panjang-dumai-1746001576.webp,Jl. Pelabuhan no.24 Kelurahan Selatpanjang Kota,14,1410,1410020,28753,,,,,,,1.013149,102.71355,https://www.google.com/maps/embed?pb=!1m14!1m8!1m3!1d7978.389133146162!2d102.71355!3d1.013149!3m2!1i1024!2i768!4f13.1!3m3!1m2!1s0x31d6d98aa75a9347%3A0xda624c267aaa3440!2sKantor%20Adira%20Finance!5e0!3m2!1sid!2sid!4v1746001472551!5m2!1sid!2sid
261,Adira Finance Taluk Kuantan - Rengat,adira-finance-taluk-kuantan-rengat-1746002172.webp,Jl. Jend. Sudirman Kelurahan Beringin Taluk,14,1401,1401030,29511,,,,,,,-0.5281784,101.5732759,https://www.google.com/maps/embed?pb=!4v1746002069586!6m8!1m7!1s-ohipYy9mkUV186bSNIixQ!2m2!1d-0.5281783866583692!2d101.5732759477313!3f271.3512900592825!4f1.9883893373285133!5f1.2089835980419217
262,Adira Finance Airhaji - Padang,adira-finance-airhaji-padang-1746034197.webp,Koto Panai Kelurahan Air Haji,13,1302,1302040,25668,,,,,,,-1.9108221,100.8772495,https://www.google.com/maps/embed?pb=!4v1746034006897!6m8!1m7!1sU5U2yB1eEZwxu-ZkzeDu7Q!2m2!1d-1.910822109011882!2d100.8772494611511!3f237.7870130743748!4f-0.5141609208541666!5f0.7820865974627469
263,Adira Finance Sawah Lunto - Sumatera Barat,adira-finance-sawah-lunto-solok-1746034647.webp,Jl. Lintas Sumatra KM 3 Jorong Padang Candi Nagari Sei Dareh Kelurahan Sungai Dareh,13,1311,1311040,27573,,,,,,,-0.9732017,101.5286491,https://www.google.com/maps/embed?pb=!4v1746034502795!6m8!1m7!1sEPmQtCrnpO6SJ2WWQhZ8bg!2m2!1d-0.9732016624584666!2d101.5286491337066!3f19.151585068407876!4f6.2476711819656!5f1.1347520819949393
264,Adira Finance Koto Baru - Dharmasraya,adira-finance-koto-baru-solok-1746034999.webp,Jl. Lintas Sumatera Kelurahan Koto Baru,13,1311,1311020,27681,,,,,,,-1.1156472,101.7170206,https://www.google.com/maps/embed?pb=!4v1746034974330!6m8!1m7!1s_1XNN1Kb-_szTziQUQAicg!2m2!1d-1.11564720654292!2d101.71702060327!3f78.14529597024075!4f-4.889374777392632!5f0.7820865974627469
265,Adira Finance Air Molek - Pasir Penyu,adira-finance-air-molek-rengat-1746035394.webp,Jl. Jend.Sudirman no.69 RT.003/RW.002 Kelurahan Tanjung Gading,14,1402,1402040,29352,,,,,,,-0.3640853,102.2938454,https://www.google.com/maps/embed?pb=!4v1746035261697!6m8!1m7!1sNHGfEmQkcnjeuG606TpmCA!2m2!1d-0.3640853068391284!2d102.29384543254!3f99.91384796515585!4f11.689325407091374!5f0.7820865974627469
266,Adira Finance Painan - Pesisir Selatan,adira-finance-painan-padang-1746087730.webp,Jl. Dr. Hamka Kelurahan Painan Timur Painan,13,1302,1302090,25651,,,,,,,-1.9108221,100.8772495,https://www.google.com/maps/embed?pb=!4v1746087572255!6m8!1m7!1sU5U2yB1eEZwxu-ZkzeDu7Q!2m2!1d-1.910822109011882!2d100.8772494611511!3f221.1933652135512!4f5.06885443041493!5f0.7820865974627469
267,Adira Finance Belilas - Seberida,adira-finance-belilas-rengat-1746088012.webp,"Jl. Lintas Timur Simpang 4 Belilas, RT 15 / RW 05 Kelurahan Pangkalan Kasai",14,1402,1402020,29371,,,,,,,-0.544616,102.4135122,https://www.google.com/maps/embed?pb=!4v1746087911760!6m8!1m7!1sIjOcD50_DGAf-plnGJl_3A!2m2!1d-0.5446159594226433!2d102.4135121807111!3f284.517145656832!4f-0.8702046332078766!5f0.7820865974627469
268,Adira Finance Mukomuko - Bengkulu,adira-finance-muko-muko-bengkulu-1746088396.webp,Jl. Jend. Sudirman Kelurahan Ujung Padang,17,1706,1706040,38365,,,,,,,-2.569592,101.1120972,https://www.google.com/maps/embed?pb=!4v1746088285827!6m8!1m7!1sYoeYQ_zPWCnW5jVJBPXuLQ!2m2!1d-2.569591976065092!2d101.1120972406085!3f246.8401394502927!4f-1.5987143595594944!5f0.7820865974627469
269,Adira Finance Tembilahan - Indragiri Hilir,adira-finance-tembilahan-rengat-1746088888.webp,Jl. H. Sadri 02/06 Kelurahan Tembilahan Kota,14,1403,1403060,29212,,,,,,,-0.3241003,103.1531599,https://www.google.com/maps/embed?pb=!4v1746088779314!6m8!1m7!1svDrL46A2nuqKVjEPeUFZng!2m2!1d-0.3241003266157392!2d103.1531599187143!3f228.47733919481436!4f5.584959029947157!5f0.7820865974627469
270,Adira Finance Bangko - Merangin,adira-finance-bangko-muara-bungo-1746089146.webp,Jl. Letnan Sadaini Pematang Kandis Kelurahan Pematang Kandis,15,1502,1502040,37314,,,,,,,-1.4652403,102.43615,https://www.google.com/maps/embed?pb=!4v1746089030923!6m8!1m7!1sPlfRRONqa0SFWrEhCtUR1A!2m2!1d-1.465240265181865!2d102.436150045375!3f213.00037448189588!4f4.352827721102571!5f0.9674523855528198
271,Adira Finance Merlung - Tanjung Jabung Barat,adira-finance-merlung-jambi-1746089462.webp,"Kota Kab Tanjung Jabung Barat, Kecamatan Merlung, Kelurahan Merlung

Alamat Jl. Lintas Timur RT 001/000",15,1507,1507011,36513,,,,,,,-1.2630045,103.0526268,https://www.google.com/maps/embed?pb=!4v1746089292493!6m8!1m7!1sEp40k5BiG_7AA-tkTP30zQ!2m2!1d-1.263004475229392!2d103.0526267693004!3f303.58943166857983!4f8.69440129620692!5f0.7820865974627469
272,Adira Finance Kuala Tungkal - Tanjung Jabung Barat,adira-finance-kuala-tungkal-jambi-1746089695.webp,Jl. Ki Hajar Dewantara Kelurahan Tungkal I,15,1507,1507030,36512,,,,,,,-0.8180307,103.4622392,https://www.google.com/maps/embed?pb=!4v1746089585757!6m8!1m7!1sJJoOni5uecpO6DSKPEtROw!2m2!1d-0.8180306728157684!2d103.462239228408!3f250.33948225043156!4f4.8498109017230036!5f0.7820865974627469
273,Adira Muara Sabak - Tanjung Jabung Timur,adira-muara-sabak-jambi-1746090006.webp,Jl. Imam Bonjol RT 1 Kelurahan Talang Babat,15,1506,1506031,36564,,,,,,,-1.2165096,103.7932023,https://www.google.com/maps/embed?pb=!4v1746089881925!6m8!1m7!1s7WvPVRFQhV0uVrZhmbkz0A!2m2!1d-1.216509614102687!2d103.793202286405!3f262.4020576657562!4f4.181456716674518!5f0.7820865974627469
274,Adira Finance Sengeti - Sekernan,adira-finance-sengeti-jambi-1746090243.webp,Jl. Lintas Timur RT 08 RW 03 Kelurahan Sengeti,15,1505,1505060,36381,,,,,,,-1.4742665,103.5058583,https://www.google.com/maps/embed?pb=!4v1746090124908!6m8!1m7!1s2yujv5qMTZzHBeLNXZfGJg!2m2!1d-1.474266464808026!2d103.5058582580151!3f115.87431585389314!4f5.94428450293492!5f0.7820865974627469
275,Adira Finance Muara Bulian - Batang Hari,adira-finance-muara-bulian-jambi-1746090593.webp,Jl. Gajah Mada no. 99 RT/RW 07/02 Kelurahan Rengas Condong,15,1504,1504040,36611,,,,,,,-1.707886,103.2596706,https://www.google.com/maps/embed?pb=!4v1746090473446!6m8!1m7!1sJAaCd-Y3reVTcyah1HSaYQ!2m2!1d-1.707886023863363!2d103.2596705953436!3f141.50856424799113!4f-4.51659483170998!5f0.7820865974627469
276,Adira Finance Sarolangun - Jambi,adira-finance-sarolangun-muara-bungo-1746093575.webp,"Jl. Lintas Sumatera,KM 1 Kelurahan Sukasari",15,1503,1503040,37481,,,,,,,-2.3066259,102.7287146,https://www.google.com/maps/embed?pb=!4v1746093460987!6m8!1m7!1sZ1x0XbxPfIH5Hbxn8GQRfg!2m2!1d-2.306625869920597!2d102.7287146150787!3f33.75960476704265!4f17.624038338065247!5f0.7820865974627469
277,Adira Finance Sungai Bahar - Muaro Jambi,adira-finance-sungaibahar-jambi-1746093904.webp,Jl. Poros Unit 1 RT 07 Kelurahan Suka Makmur,15,1505,1505011,36365,,,,,,,-1.9648222,103.4188022,https://www.google.com/maps/embed?pb=!4v1746093804043!6m8!1m7!1svV0bNReccTm2E8D3cdBLWQ!2m2!1d-1.964822226552493!2d103.4188022153273!3f194.3523002787793!4f1.9403690012344015!5f0.7820865974627469
278,Adira Finance Sekayu - Musi Banyuasin,adira-finance-sekayu-palembang-1746094244.webp,Jl.Kol.Wahid Udin no. 559 C RT 2 LK 1 Kelurahan Serasan Jaya,16,1606,1606040,30711,,,,,,,-2.8933913,103.8472575,https://www.google.com/maps/embed?pb=!4v1746094119516!6m8!1m7!1srczTtnRRdZ_ptrs4VMG-6g!2m2!1d-2.893391332856809!2d103.8472575370823!3f238.54860174757928!4f5.822749036190871!5f0.7820865974627469
279,Adira Finance Lahat - Sumatera Selatan,adira-finance-lahat-baturaja-1746094612.webp,Jl. Kol H. Burlian Kelurahan Bandar Jaya,16,1604,1604120,31419,,,,,,,-3.777683,103.5566922,https://www.google.com/maps/embed?pb=!4v1746094505515!6m8!1m7!1s61Rp8-6fZE39kkmM1EFCgw!2m2!1d-3.777682956157928!2d103.5566922117066!3f33.377298993801524!4f3.071015385396919!5f0.7820865974627469
280,Adira Finance Muara Enim - Sumatera Selatan,adira-finance-muara-enim-baturaja-1746094846.webp,Jl. A Yani no.19/35B RT/RW 001/001 Kelurahan Pasar I Muara Enim,16,1603,1603050,31311,,,,,,,-3.657061,103.7786147,https://www.google.com/maps/embed?pb=!4v1746094733589!6m8!1m7!1stBStoe-LFtLErITgdrPAPg!2m2!1d-3.657060968962831!2d103.7786146659081!3f40.45697982079672!4f4.240736791326057!5f0.4000000000000002
281,Adira Finance Prabumulih - Sumatera Selatan,adira-finance-prabumulih-palembang-1746095081.webp,"Ruko Graha Bumi Damai, Jl. Jend. Sudirman no. 11 - 12 lingkar barat Kelurahan Gunung Ibul",16,1672,1672020,31117,,,,,,,-3.3945748,104.2666286,https://www.google.com/maps/embed?pb=!4v1746094965879!6m8!1m7!1s7yPHjuIRVi_vRgQF3Bv6Wg!2m2!1d-3.394574773051274!2d104.2666285529937!3f293.45779490889436!4f6.413163495782271!5f0.7820865974627469
282,Adira Finance Belitang - Ogan Komering Ulu Timur,adira-finance-belitang-ogan-komering-ulu-1746095506.webp,Belitang Mas Center Blok F-4 Jl. Jend. Sudirman Kelurahan Gumawang,16,1609,1609060,32382,,,,,,,-4.1118786,104.6415786,https://www.google.com/maps/embed?pb=!4v1746095405174!6m8!1m7!1sbPG4bTD6gqKjIajJ0XPbPw!2m2!1d-4.111878643282538!2d104.6415786036717!3f147.11028691922277!4f4.723568012638481!5f2.155992879997365
283,Adira Finance Tulang Bawang - Lampung,adira-finance-tulang-bawang-bandar-jaya-1746095765.webp,Jl. Lintas Timur Sumatera Komp. Pasar Unit II RT 2 RW 2 Kelurahan Tunggal Warga,18,1808,1808030,34595,,,,,,,-4.2816153,105.2212543,https://www.google.com/maps/embed?pb=!4v1746095660165!6m8!1m7!1sASs7bokA_vC-QljMFWrOwg!2m2!1d-4.281615336339587!2d105.2212542939603!3f291.8054!4f0!5f0.7820865974627469
284,Adira Finance Daya Murni - Tumijajar,adira-finance-daya-murni-bandar-jaya-1746095999.webp,Jl. Daya Asri no. 404 RT .04 RW 02 Kelurahan Daya Asri,18,1812,1812020,34592,,,,,,,-4.631208,105.0866992,https://www.google.com/maps/embed?pb=!4v1746095892167!6m8!1m7!1ssAXnQGK8Xj7rv6g0cV_GYw!2m2!1d-4.631207980579665!2d105.0866991515482!3f341.1854061252051!4f-5.001497954081387!5f0.7820865974627469
285,Adira Finance Kota Agung - Pringsewu,adira-finance-kota-agung-lampung-1746096362.webp,"Jl. Ahmad Yani no. 21-22, RT 01 RW 02 Kelurahan Pringsewu Timur",18,1810,1810040,35373,,,,,,,-5.3574835,104.986264,https://www.google.com/maps/embed?pb=!4v1746096265603!6m8!1m7!1sKKYrGryqYaZHNAJ0InbxQQ!2m2!1d-5.357483548501229!2d104.9862639832288!3f195.99872170766676!4f-0.037393142919981415!5f0.7820865974627469
286,Adira Finance Gajah Mada - Kedamaian,adira-finance-gajah-mada-lampung-1746096598.webp,Jl. Gatot Subroto no. 99 D-H Kelurahan Tanjunggading,18,1871,1871041,35128,,,,,,,-5.4314759,105.2756546,https://www.google.com/maps/embed?pb=!4v1746096484089!6m8!1m7!1slC3djVxtALXK1WIDqtcq3g!2m2!1d-5.43147593582486!2d105.2756545743395!3f86.40655182627526!4f1.1513831023763288!5f0.7820865974627469
287,Adira Finance Tanjung Bintang - Lampung Selatan,adira-finance-tanjung-bintang-lampung-1746096806.webp,Jl. Veteran Pasar Tanjung Bintang Kelurahan Jati Baru,18,1803,1803080,35361,,,,,,,-5.4220746,105.4166868,https://www.google.com/maps/embed?pb=!4v1746096706321!6m8!1m7!1sseLezJpsXoEo-Cp0RQaIaA!2m2!1d-5.422074642107497!2d105.4166867917448!3f14.191596568831855!4f1.5539954192400245!5f0.7820865974627469
288,Adira Finance Kalianda - Lampung Selatan,adira-finance-kalianda-lampung-1746097053.webp,"Jl. Kusuma Bangsa no. 88.A, RT 002 / RW 001 Kelurahan Kalianda",18,1803,1803110,35511,,,,,,,-5.7378852,105.5913528,https://www.google.com/maps/embed?pb=!4v1746096905460!6m8!1m7!1scByOvv_AaxHE7Tig3xb7EQ!2m2!1d-5.737885236066022!2d105.5913528376836!3f250.9369261065894!4f5.192873218164891!5f0.7820865974627469
289,Adira Finance Tanjung Pinang - Kepulauan Riau,adira-finance-tanjung-pinang-batam-1746097517.webp,"Kota Kota Pekanbaru, Kecamatan Pekanbaru Kota, Kelurahan Kota Baru

Alamat Jl. Gatot Subroto Km. 5 Bawah no.4",21,2172,2172020,29123,,,,,,,0.9168524,104.4672327,https://www.google.com/maps/embed?pb=!4v1746097420542!6m8!1m7!1s1YRygl425S2izP4HpIifwQ!2m2!1d0.9168523663170682!2d104.4672326515396!3f157.10041437314663!4f13.289701161270457!5f1.1720509546398503
290,Adira Finance Belitung - Bangka Belitung,adira-finance-belitung-pangkal-pinang-1746097830.webp,Jl. Jend Sudirman no.18A Kelurahan Kel Pangkal Lalang,19,1902,1902060,33412,,,,,,,-2.7458312,107.6460723,https://www.google.com/maps/embed?pb=!4v1746097666766!6m8!1m7!1sbUzqbeUjlbZdzn5JDc23NQ!2m2!1d-2.745831153785165!2d107.6460723006203!3f6.884673931161512!4f3.100837242536457!5f0.4000000000000002
291,Adira Finance Sambas - Kalimantan Barat,adira-finance-sambas-singkawang-1746101676.webp,Jl. Terigas Kelurahan Saing Rambi,61,6101,6101040,79462,,,,,,,1.3605986,109.2967913,https://www.google.com/maps/embed?pb=!4v1746101484112!6m8!1m7!1sJg3viSzf4os8MHM5UwUlQQ!2m2!1d1.360598596457906!2d109.2967912812742!3f292.7354544116297!4f-6.639571056412279!5f0.7820865974627469
292,Adira Finance Sungai Pinyuh - Mempawah,adira-finance-sungai-pinyuh-pontianak-1746101996.webp,Jl. Seliung Blok A no. 8 Kelurahan Sungai Pinyuh,61,6104,6104090,78353,,,,,,,0.2773996,109.0783368,https://www.google.com/maps/embed?pb=!4v1746101873765!6m8!1m7!1sQc3wib-ne_cu4p20-iSzVg!2m2!1d0.2773996254776411!2d109.0783368271813!3f208.07118571179643!4f0.5832696951766678!5f0.7820865974627469
293,Adira Finance Nanga Pinoh - Melawi,adira-finance-nanga-pinoh-sintang-1746103037.webp,Jl.Juang KM 1 no.8 Kelurahan Paal,61,6110,6110050,79672,,,,,,,-0.3388975,111.7438235,https://www.google.com/maps/embed?pb=!4v1746102931696!6m8!1m7!1seMsY_r-63eH5f92sTEM90A!2m2!1d-0.3388974727368959!2d111.743823527491!3f56.383811573996454!4f4.432857858120627!5f0.6355515464063664
294,Adira Finance Lamandau - Kalimantan Tengah,adira-finance-lamandau-pangkalan-bun-1746103312.webp,Jl. Batu Batanggui RT 004 Kelurahan Nanga Bulik,62,6207,6207010,74162,,,,,,,-2.182002,111.4571765,https://www.google.com/maps/embed?pb=!4v1746103169546!6m8!1m7!1sNNBng7XFLPXLttpHPhHpIQ!2m2!1d-2.182001972458225!2d111.4571765427019!3f172.5814866518923!4f-6.3626105959454975!5f0.7820865974627469
295,Adira Finance Sebabi - Telawang,adira-finance-sebabi-sampit-1746103915.webp,"Jl. Jend. Sudirman KM 86, RT 010 / RW 01 Kelurahan Sebabi",62,6202,6202111,74312,,,,,,,-2.4077099,112.4602336,https://www.google.com/maps/embed?pb=!4v1746103578467!6m8!1m7!1sxXUZyEYCyRVZf2KaDof6VA!2m2!1d-2.40770990805432!2d112.4602336306311!3f122.38994491839264!4f-2.358237834157407!5f0.4000000000000002
296,Adira Finance Parenggean - Kotawaringin Timur,adira-finance-parenggean-sampit-1746104183.webp,"Jl. Kalikasa, RT/RW 003/001 Kelurahan Parenggean",62,6202,6202200,74355,,,,,,,-2.027525,112.7982756,https://www.google.com/maps/embed?pb=!4v1746104089681!6m8!1m7!1syaGfzErdwx79ucjtpD4IMg!2m2!1d-2.027525046128748!2d112.7982756230729!3f46.20248795102856!4f-6.973640839484375!5f0.7820865974627469
297,Adira Finance Kasongan - Katingan,adira-finance-kasongan-palangkaraya-1746104522.webp,"Jl. Kasongan Sampit KM 1, RT 06 / RW 02 Kelurahan Kasongan Lama",62,6209,6209050,74411,,,,,,,-1.9193497,113.3773183,https://www.google.com/maps/embed?pb=!4v1746104417024!6m8!1m7!1sULVHzW9Yg1q0sBa26x4Ulg!2m2!1d-1.919349691028097!2d113.3773182728947!3f359.39023529385344!4f6.528871936981005!5f0.7820865974627469
298,Adira Finance Muara Teweh - Barito Utara,adira-finance-muara-teweh-tanjung-1746105452.webp,"Jl. Nenas , RT/RW : 13/04 Kelurahan Lanjas",62,6205,6205050,73812,,,,,,,-0.9608521,114.8923755,https://www.google.com/maps/embed?pb=!4v1746105329003!6m8!1m7!1ssIL15rHjIeIwP4dXwO3V6Q!2m2!1d-0.9608521360759669!2d114.8923754997379!3f237.7878427166347!4f1.0633609482595432!5f0.4000000000000002
299,Adira Finance Kapuas - Kalimantan Tengah,adira-finance-kapuas-banjarmasin-1746105714.webp,Jl. Cilik Riwut no. 1 Kelurahan Lupak Dalam,62,6203,6203020,73516,,,,,,,-3.0023012,114.3929522,https://www.google.com/maps/embed?pb=!4v1746105616754!6m8!1m7!1sGM1SIhcSKbhdA9fakIktXQ!2m2!1d-3.002301200670505!2d114.3929522427169!3f12.820356267851661!4f13.992224690930286!5f0.4000000000000002
300,Adira Finance Pelaihari - Tanah Laut,adira-finance-pelaihari-martapura-1746106317.webp,"Jl. H. Boeyasin no. 2, RT 021 RW 006 Kelurahan Angsau",63,6301,6301060,70814,,,,,,,-3.8022506,114.7729564,https://www.google.com/maps/embed?pb=!4v1746106145904!6m8!1m7!1sOQ1WxItQVQNRRbMKMBOZ0g!2m2!1d-3.802250573323424!2d114.7729563618098!3f136.38113344759603!4f10.720504498836661!5f0.9196495431445162
301,Adira Finance Rantau -  Tapin Utara,adira-finance-rantau-barabai-1746106685.webp,Jl. Jend. Ahmad Yani RT 07 / RW 11 Kelurahan Kupang,63,6305,6305070,71113,,,,,,,-2.9389731,115.1496768,https://www.google.com/maps/embed?pb=!4v1746106570457!6m8!1m7!1sWu4EO2_kpT0bTrooNXY8sw!2m2!1d-2.93897311675109!2d115.1496767971238!3f252.1154387194874!4f1.5195922039054608!5f0.7820865974627469
302,Adira Finance Sungai Danau - Satui,adira-finance-sungai-danau-batu-licin-1746106975.webp,Jl. Propinsi RT. 28 Kelurahan Sungaidanau,63,6310,6310030,72275,,,,,,,-3.7797697,115.3958687,https://www.google.com/maps/embed?pb=!4v1746106874914!6m8!1m7!1s1gDASNCUD2rfMnZIZ2H0vQ!2m2!1d-3.779769650363503!2d115.3958687468659!3f143.62531200969292!4f4.28082346511539!5f0.7820865974627469
303,Adira Finance Kampung Baru - Simpang Empat,adira-finance-kampung-baru-batulicin-1746111726.webp,"Jl. Transmigrasi, RT 12 Kelurahan Kampung Baru",63,6310,6310052,72212,,,,,,,-3.4182918,115.9993907,https://www.google.com/maps/embed?pb=!4v1746111605889!6m8!1m7!1sVL_jOyZJ-BQOecxVGEmj2g!2m2!1d-3.418291770123749!2d115.999390711741!3f219.84672610490787!4f7.247352488615931!5f0.7820865974627469
304,Adira Finance Kotabaru - Kalimantan Selatan,adira-finance-kotabaru-batu-licin-1746112421.webp,"Jl. H. Hasan Basri no. 07, RT 13 Kelurahan Semayap",63,6302,6302060,72117,,,,,,,-3.2552781,116.2108263,https://www.google.com/maps/embed?pb=!4v1746112306211!6m8!1m7!1sn4dnIqGgQNlCg1VZaO5lFg!2m2!1d-3.255278087635568!2d116.2108263068664!3f317.2976273543999!4f6.845922417390582!5f0.7820865974627469
305,Adira Finance Grogot - Paser,adira-finance-grogot-balikpapan-1746112666.webp,"Jl. R. Suprapto (Anden Oko), RT 04 / RW 01 Kelurahan Tanah Grogot",64,6401,6401040,76251,,,,,,,-1.9086084,116.2003773,https://www.google.com/maps/embed?pb=!4v1746112573700!6m8!1m7!1sacfy8f4DxeLtQl8S2inu9A!2m2!1d-1.908608420725342!2d116.200377326921!3f319.26387625790545!4f7.688781516425962!5f0.7820865974627469
306,Adira Finance Melak - Kutai Barat,adira-finance-melak-samarinda-1746112889.webp,Jl. K.H. Dewantara no. 28 Kelurahan Melak Ulu,64,6402,6402080,75765,,,,,,,-0.234526,115.8102869,https://www.google.com/maps/embed?pb=!4v1746112789786!6m8!1m7!1sUqKfvuyzINJ6v-V3oVhIQA!2m2!1d-0.2345259562969288!2d115.8102868598801!3f197.95341370779607!4f-0.01528161432690922!5f0.7820865974627469
307,Adira Finance Handil - Muara Jawa,adira-finance-handil-balikpapan-1746113187.webp,"Jl. M. Hatta, RT 007 Kelurahan Muara Jawa Ulu",64,6403,6403020,75261,,,,,,,-0.8369671,117.2286504,https://www.google.com/maps/embed?pb=!4v1746113078898!6m8!1m7!1sCcApYdpZc7IOKUSjXm6D9g!2m2!1d-0.8369671466145167!2d117.2286503741354!3f305.3342078770522!4f5.9377858807545465!5f0.7820865974627469
308,Adira Finance Tenggarong - Kutai Kartanegara,adira-finance-tenggarong-samarinda-1746113468.webp,"Jl. Patin no. 80, RT 06 Kelurahan Timbau",64,6403,6403090,75511,,,,,,,-0.4391012,116.9945056,https://www.google.com/maps/embed?pb=!4v1746113341476!6m8!1m7!1scXo2WChEcz-ke654k5kEUQ!2m2!1d-0.4391012378201525!2d116.9945055689211!3f326.5483720405676!4f6.882550128228473!5f0.7820865974627469
309,Adira Finance Sangatta - Kutai Timur,adira-finance-sangata-samarinda-1746113669.webp,"Jl. Yos Sudarso III, no. 01 / RT 07 Kelurahan Teluk Lingga",64,6404,6404040,75683,,,,,,,0.5000475,117.5367144,https://www.google.com/maps/embed?pb=!4v1746113566113!6m8!1m7!1soZc0HSzjrFrO0URwjUKwjA!2m2!1d0.5000474810951432!2d117.5367143790413!3f216.30736571913167!4f2.8840762972970992!5f0.7820865974627469
310,Adira Finance Tanjung Selor - Bulungan,adira-finance-tanjung-selor-tarakan-1746114326.webp,Jl. Duren RT 23 Kelurahan Tanjung Selor Hilir,65,6502,6502050,77211,,,,,,,2.8515488,117.3760313,https://www.google.com/maps/embed?pb=!4v1746114102767!6m8!1m7!1s0rQ4a-ntND7eEJIl4by-tw!2m2!1d2.851548846536813!2d117.3760312683296!3f294.240293239699!4f2.367290713105163!5f1.6644437731335553
311,Adira Finance Nunukan - Kalimantan Utara,adira-finance-nunukan-tarakan-1746114613.webp,Jl. Tien SoehaRTo RT 13 Kelurahan Nunukan Timur,65,6504,6504100,77402,,,,,,,4.1399582,117.6624824,https://www.google.com/maps/embed?pb=!4v1746114513023!6m8!1m7!1s5yjeZnXzxfDrwu4m40cftg!2m2!1d4.13995820053291!2d117.6624823520421!3f341.8665761799944!4f1.8384757383080057!5f0.7820865974627469
312,Adira Finance Praya - Lombok Tengah,adira-finance-praya-lombok-1746114918.webp,"Jl. Jend. Sudirman no. 60, Komp. Pertokoan Praya Kelurahan Praya",52,5202,5202060,83511,,,,,,,-8.7088517,116.2751459,https://www.google.com/maps/embed?pb=!4v1746114803710!6m8!1m7!1sKj2_w_4pK7ktRLCB8sTq0A!2m2!1d-8.708851681491694!2d116.2751459337497!3f27.53524574593831!4f4.537600848374183!5f0.7820865974627469
313,Adira Finance Bima - Nusa Tenggara Barat,adira-finance-bima-sumbawa-1746115235.webp,Jl. Hasanuddin no. 9B Kelurahan Risa,52,5206,5206030,84116,,,,,,,-8.4531479,118.7335218,https://www.google.com/maps/embed?pb=!4v1746115127805!6m8!1m7!1sl3HJZmwKbRpx08YufMcR5Q!2m2!1d-8.453147865312161!2d118.7335217524058!3f27.816221481618257!4f8.21438609629152!5f0.47887983066686535
314,Adira Finance Ruteng - Manggarai,adira-finance-ruteng-maumere-1746115446.webp,Jl. Yos Sudarso RT/RW 005/003 Kelurahan Mbaumuku,53,5313,5313110,81150,,,,,,,-8.6061138,120.4659181,https://www.google.com/maps/embed?pb=!4v1746115350844!6m8!1m7!1sSNdpWwfWzyPitX2PRTUgeg!2m2!1d-8.606113821921474!2d120.4659180997777!3f12.069090956608537!4f4.336206200233022!5f0.4000000000000002
315,Adira Finance Ende - Nusa Tenggara Timur,adira-finance-ende-maumere-1746115637.webp,Jl. Kelimutu no. 093 Kelurahan Kelimutu,53,5311,5311032,86319,,,,,,,-8.8462992,121.6617401,https://www.google.com/maps/embed?pb=!4v1746115539420!6m8!1m7!1s5wekEWqC8qA_1JMnJjw8-w!2m2!1d-8.84629916788618!2d121.6617400847508!3f355.01991777790005!4f3.0733910128625723!5f0.4000000000000002
316,Adira Finance Soe - Timor Tengah Selatan,adira-finance-soe-kupang-1746117011.webp,"Jl. Gajah Mada, RT/RW 11/06 Kelurahan Karang Sirih",53,5304,5304030,85519,,,,,,,-9.8597231,124.2673995,https://www.google.com/maps/embed?pb=!4v1746116893299!6m8!1m7!1sfUe5ERzz4k_BUMiZv81SDA!2m2!1d-9.859723093746465!2d124.2673994752906!3f183.54490782419745!4f-0.41874281006607816!5f0.7820865974627469
317,Adira Finance Majene - Sulawesi Barat,adira-finance-majene-mamuju-1746117421.webp,Jalan Poros Trans Sulawesi (Jl. Sultan Hasanuddin no. 25)  Kelurahan Baurung,76,7601,7601011,91412,,,,,,,-3.537984,118.9905454,https://www.google.com/maps/embed?pb=!4v1746117307353!6m8!1m7!1slpmWjn0emWP4siYL14EsNw!2m2!1d-3.53798396024006!2d118.99054543988!3f155.47867853021197!4f6.178491782366166!5f0.7820865974627469
318,Adira Finance Polewali Mandar - Sulawesi Barat,adira-finance-polewali-mandar-mamuju-1746117735.webp,Jl. Jend. Sudirman Kelurahan Sidodadi,76,7602,7602040,91352,,,,,,,-3.3977245,119.213887,https://www.google.com/maps/embed?pb=!4v1746117602526!6m8!1m7!1sdD-rTj1yXY1pzQbCiYIlWg!2m2!1d-3.397724493140912!2d119.2138869645793!3f157.4989871761428!4f6.654161662678291!5f0.7820865974627469
319,Adira Finance Topoyo - Mamuju Tengah,adira-finance-topoyo-mamuju-1746117958.webp,Jl. Poros Mamuju Kelurahan Topoyo,76,7606,7606040,91563,,,,,,,-2.0721109,119.2877973,https://www.google.com/maps/embed?pb=!4v1746117841074!6m8!1m7!1sWy5JdDOZMq6Dw2M_pO97cg!2m2!1d-2.072110949253459!2d119.2877972683451!3f74.39307010703604!4f-5.336656209724438!5f0.7820865974627469
320,Adira Finance Pasangkayu - Sulawesi Barat,adira-finance-pasangkayu-palu-1746118185.webp,Jl. Ir Soekarno. - Trans sulawesi Kelurahan Pasangkayu,76,7605,7605030,91571,,,,,,,-1.1795225,119.3669748,https://www.google.com/maps/embed?pb=!4v1746118086785!6m8!1m7!1sX160bIT2AGXk4e-4Pw5rJQ!2m2!1d-1.179522482363678!2d119.3669748441248!3f189.55486054752726!4f4.218080052517266!5f0.7820865974627469
321,Adira Finance Parigi - Moutong,adira-finance-parigi-palu-1746118550.webp,Jl. Trans Sulawesi Kelurahan Masigi,72,7208,7208020,94471,,,,,,,-0.8070777,120.1724243,https://www.google.com/maps/embed?pb=!4v1746118446578!6m8!1m7!1s2mFq-k08oAipxrRo_8vyOA!2m2!1d-0.8070776835023495!2d120.172424295622!3f239.10695322226138!4f3.3946073632780696!5f0.4000000000000002
322,Adira Finance Toli-Toli - Sulawesi Tengah,adira-finance-toli-toli-palu-1746118926.webp,Jl. Ahmad Yani no. 120 Kelurahan Baru,72,7206,7206040,94514,,,,,,,1.0400709,120.8147155,https://www.google.com/maps/embed?pb=!4v1746118748473!6m8!1m7!1sAO8veDbhLMFthoS8QyQzgA!2m2!1d1.040070910658356!2d120.8147154765636!3f71.60425134101052!4f5.964045857934522!5f0.4000000000000002
323,Adira Finance Buol - Sulawesi Tengah,adira-finance-buol-palu-1746119197.webp,Jl. Syarif Mansur RT.05/01 Kelurahan Buol,72,7207,7207011,94563,,,,,,,1.1607335,121.4341484,https://www.google.com/maps/embed?pb=!4v1746119072191!6m8!1m7!1sRYb5rlKClCO4RB261bunsw!2m2!1d1.160733549180814!2d121.4341484455765!3f211.835227426464!4f-3.5899824381056646!5f0.7820865974627469
324,Adira Finance Ampana - Tojo Una-Una,adira-finance-ampana-luwuk-1746119443.webp,Jl. Trans Sulawesi Kelurahan Ampana,72,7209,7209050,94683,,,,,,,-0.869094,121.5793017,https://www.google.com/maps/embed?pb=!4v1746119344751!6m8!1m7!1s66CDIkbmbFpZebLVDvD2Yw!2m2!1d-0.8690939708925188!2d121.579301725053!3f197.21469296717862!4f0.8069302475690563!5f0.7820865974627469
325,Adira Finance Toili - Banggai,adira-finance-toili-luwuk-1746119705.webp,Jl. Trans Toili Sulawesi Kelurahan Singkoyo,72,7202,7202010,94791,,,,,,,1.4604978,122.3331389,https://www.google.com/maps/embed?pb=!4v1746119582427!6m8!1m7!1sBDbpodOfHGv0H6GarLY21g!2m2!1d-1.460497830408538!2d122.3331389274101!3f84.95594992019728!4f7.429218838059171!5f0.7820865974627469
326,Adira Finance Salakan - Tinangkung,adira-finance-salakan-luwuk-1746155797.webp,Jl. Bhayangkara RT 03 / Dusun 5 Kelurahan Bongganan,72,7201,7201040,94885,,,,,,,-1.311578,123.2923388,https://www.google.com/maps/embed?pb=!4v1746155654307!6m8!1m7!1swwYAeK6ydclQrHEfHcA9Uw!2m2!1d-1.311578018472728!2d123.2923388377588!3f267.47776527428437!4f2.96549824895709!5f0.7820865974627469
327,Adira Finance Bungku - Morowali,adira-finance-bungku-poso-1746156020.webp,Jl. Trans Sulawesi Kelurahan Ipi,72,7203,7203030,94973,,,,,,,-2.5070569,121.9490542,https://www.google.com/maps/embed?pb=!4v1746155917541!6m8!1m7!1s3pFdt5s_8PkDruQ7n6iqmQ!2m2!1d-2.507056860151276!2d121.9490541947987!3f236.9896504601034!4f-0.19757745163764184!5f0.7820865974627469
328,Adira Finance Marisa - Pohuwato,adira-finance-marisa-gorontalo-1746156252.webp,Jl. Jend Sudirman No 405 Kelurahan Palopo,75,7503,7503030,96365,,,,,,,0.4640213,121.9472354,https://www.google.com/maps/embed?pb=!4v1746156175247!6m8!1m7!1sYfmgKvu4gdyt7rLE-uW1sg!2m2!1d0.4640213391055488!2d121.9472353947283!3f101.86!4f-3.299999999999997!5f0.7820865974627469
329,Adira Finance Tilamuta - Boalemo,adira-finance-tilamuta-gorontalo-1746156630.webp,Jl. Trans Sulawesi Kelurahan Modelomo,75,7501,7501040,96263,,,,,,,0.523333,122.3458975,https://www.google.com/maps/embed?pb=!4v1746156547553!6m8!1m7!1sBylaEbrKz9ObN4n_CQ_Vog!2m2!1d0.5233330006094672!2d122.3458974622801!3f7.444240055375474!4f-0.48774256626813894!5f0.7820865974627469
330,Adira Finance Kwandang - Gorontalo Utara,adira-finance-kwandang-gorontalo-1746156815.webp,Jl. Trans Sulawesi Poros Gorontalo Kelurahan Moluo,75,7505,7505020,96252,,,,,,,0.8424412,122.9145097,https://www.google.com/maps/embed?pb=!4v1746156719784!6m8!1m7!1s64uS5tvsu4oZJwjVUPAPDg!2m2!1d0.8424412048152918!2d122.9145097435689!3f248.2122776703869!4f4.906354855026038!5f0.7820865974627469
331,Adira Finance Bitung - Sulawesi Utara,adira-finance-bitung-manado-1746157314.webp,Jl. Raya Manado Bitung Kelurahan Wangurer Barat,71,7172,7172010,95541,,,,,,,1.4402054,125.1413696,https://www.google.com/maps/embed?pb=!4v1746157238255!6m8!1m7!1sLmdpek0Ox0ADisK-GUaCyQ!2m2!1d1.440205429610748!2d125.1413695667638!3f337.0552157012298!4f3.683434625916462!5f1.2450541147372451
332,Adira Finance Pinrang - Sulawesi Selatan,adira-finance-pinrang-parepare-1746157704.webp,Jl. Jend. Sudirman RT.001 / RW.002 Kelurahan Macorawalie,73,7315,7315040,91212,,,,,,,-3.8072401,119.6520226,https://www.google.com/maps/embed?pb=!4v1746157598558!6m8!1m7!1sVlRLLds11DaveWTQ-2z9Yw!2m2!1d-3.807240127388947!2d119.65202255806!3f102.47258813997041!4f-2.706538858993312!5f0.7820865974627469
333,Adira Finance Bau Massepe - Parepare,adira-finance-bau-massepe-parepare-1746160867.webp,Jl. Bau Massepe No. 37 - 37A Kelurahan Mallusetasi,73,7372,7372020,91121,,,,,,,-4.0259975,119.6252074,https://www.google.com/maps/embed?pb=!4v1746160799474!6m8!1m7!1s5JNA9jNN8-E1K7qs_3d5PA!2m2!1d-4.026073518332845!2d119.6252217970969!3f253.34356481601958!4f1.5873444929128766!5f0.4003161831622405
334,Adira Finance Sidrap - Sulawesi Selatan,adira-finance-sidrap-parepare-1746161180.webp,Jl. Sultan Hasanuddin 95 Kelurahan Wala,73,7314,7314060,91611,,,,,,,-3.9257363,119.8072033,https://www.google.com/maps/embed?pb=!4v1746161091460!6m8!1m7!1sDZfDXqIfLUBL7qCoQNzxuw!2m2!1d-3.925736257343934!2d119.8072032913901!3f171.67439672675965!4f0.4748888338366015!5f0.4000000000000002
335,Adira Finance Pangkep - Sulawesi Selatan,adira-finance-pangkep-makassar-1746161437.webp,Ruko Abadi Jl. Kemakmuran no.14 Poros Makassar Pare Kelurahan Mappasaile,73,7309,7309040,90611,,,,,,,-4.8290084,119.5461029,https://www.google.com/maps/embed?pb=!4v1746161319296!6m8!1m7!1suQU7OSgYEEUgvpKlst3v5w!2m2!1d-4.829008412405714!2d119.5461028913246!3f76.91006229443374!4f-1.2882720049193068!5f0.7820865974627469
336,Adira Finance Takalar - Sulawesi Selatan,adira-finance-takalar-makassar-1746161797.webp,Jl. Jend. Sudirman Kelurahan Kalabbirang,73,7305,7305031,912212,,,,,,,-5.4148594,119.4442643,https://www.google.com/maps/embed?pb=!4v1746161720593!6m8!1m7!1sM3LwVLksg4yxmmaZV5mfCg!2m2!1d-5.414859365773149!2d119.4442643214174!3f82.5438491278392!4f-3.847177207188878!5f0.8754375138860054
337,Adira Finance Limbung - Galesong,adira-finance-limbung-makassar-1746162122.webp,Jl. Balla Parang Kelurahan Galesong Kota,73,7305,7305051,92254,,,,,,,-5.669917,119.7328317,https://www.google.com/maps/embed?pb=!4v1746162004285!6m8!1m7!1sQ21O25FGXfSyzyR1Yy7BPA!2m2!1d-5.669917039247299!2d119.7328316648869!3f238.57810451001902!4f0.9097868788482515!5f0.7820865974627469
338,Adira Finance Bantaeng - Sulawesi Selatan,adira-finance-bantaeng-bulukumba-1746162319.webp,Jl. Dr. Sam Ratulangi Kelurahan Letta,73,7303,7303020,92415,,,,,,,-5.5514173,119.9564287,https://www.google.com/maps/embed?pb=!4v1746162232615!6m8!1m7!1sOoRVsXal8KHZPnZPfWF1MQ!2m2!1d-5.551417257938793!2d119.9564286855916!3f191.73995310942746!4f1.2957501994089853!5f0.7820865974627469
339,Adira Finance Toraja - Sulawesi Selatan,adira-finance-toraja-palopo-1746165273.webp,Jl. Pongtiku RT 01 / 03 Kelurahan Tambunan,73,7318,7318042,91817,,,,,,,-3.0744436,119.8677381,https://www.google.com/maps/embed?pb=!4v1746165197930!6m8!1m7!1sd2jnyi6nUlNtK-jXZaVf0g!2m2!1d-3.074443608768756!2d119.8677381287406!3f121.96956659796462!4f-10.658950071216083!5f0.7820865974627469
340,Adira Finance Masamba - Luwu Utara,adira-finance-masamba-palopo-1746165616.webp,Jl. Muh. Hatta Kelurahan Bara Mamase,73,7317,7317080,92916,,,,,,,-2.5516119,120.3475847,https://www.google.com/maps/embed?pb=!4v1746165518318!6m8!1m7!1s9Dw-GNG5sXPZP7fOKwMXvQ!2m2!1d-2.551611851896612!2d120.3475846548711!3f0.49616099238329525!4f4.835493722474041!5f0.7820865974627469
341,Adira Finance Mangkutanah - Luwu Timur,adira-finance-mangkutanah-palopo-1746165839.webp,Jl. Trans Sulawesi Dusun Kaya'a Kelurahan Beringin Jaya,73,7325,7325030,92972,,,,,,,-2.5261876,120.8143606,https://www.google.com/maps/embed?pb=!4v1746165749466!6m8!1m7!1sAt1at6vUenKQ8ESw7ZYfFw!2m2!1d-2.526187627624473!2d120.8143605991864!3f242.70035099238933!4f-2.7865152112626532!5f2.2159260626804533
342,Adira Finance Kolaka - Sulawesi Tenggara,adira-finance-kolaka-kendari-1746166191.webp,Jl. Kadue no. 19 RT/RW 002/002 Kelurahan Sea,74,7404,7404061,93513,,,,,,,-4.0589566,121.5965978,https://www.google.com/maps/embed?pb=!4v1746166107260!6m8!1m7!1slQi_popCHnNd5B8BjpKqmg!2m2!1d-4.058956568800753!2d121.5965977980806!3f92.32385259362621!4f6.528383395414522!5f0.8389305743645896
343,Adira Finance Konawe Selatan - Sulawesi Tenggara,adira-finance-konawe-selatan-kendari-1746166494.webp,Jl. Desa Anduna Kelurahan Anduna,74,7405,7405041,93881,,,,,,,-4.2979437,122.4772649,https://www.google.com/maps/embed?pb=!4v1746166402371!6m8!1m7!1ssKNU8yb7sAaVrqdEvDviFw!2m2!1d-4.297943714063176!2d122.4772649171343!3f113.78770561621516!4f-3.3618265970543177!5f0.7820865974627469
344,Adira Finance Baubau - Wolio,adira-finance-baubau-wolio-1746166915.webp,"Komp. Pertokoan, Jl. Wolter Monginsidi RT. 01 / RW 01 Kelurahan Tomba",74,7472,7472020,93721,,,,,,,-5.4627407,122.6108963,https://www.google.com/maps/embed?pb=!4v1746166710876!6m8!1m7!1shOUVc_-xLLpjFDA_QIu3zg!2m2!1d-5.462740735171036!2d122.6108962677962!3f36.816346715478666!4f3.140493466567875!5f0.7820865974627469
345,Adira Finance Sofifi - Ternate,adira-finance-sofifi-ternate-1746167204.webp,Jl. 40 Barumadoe Kelurahan Balbar,82,8272,8272050,97851,,,,,,,0.7409501,127.5661096,https://www.google.com/maps/embed?pb=!4v1746167116406!6m8!1m7!1sVciRB_CpuOyvBr-6XdA1Dg!2m2!1d0.7409500861631615!2d127.5661095538659!3f318.19815609363167!4f-7.196048914230161!5f0.7820865974627469
346,Adira Finance Tobelo - Halmahera Utara,adira-finance-tobelo-ternate-1746167426.webp,Desa Mahia Kelurahan Mahia Wosia Tengah,82,8205,8205041,97762,,,,,,,1.7066087,128.0087843,https://www.google.com/maps/embed?pb=!4v1746167319174!6m8!1m7!1slLfclkFTO-H8Q03QPMtSjw!2m2!1d1.706608746176433!2d128.0087843473966!3f167.49471147552066!4f4.764548977488403!5f0.7820865974627469
347,Adira Finance Masohi - Maluku Tengah,adira-finance-masohi-ambon-1746167752.webp,Jl. Pulau Seram Kelurahan Namaelo,81,8103,8103051,97511,,,,,,,-3.305727,128.949627,https://www.google.com/maps/embed?pb=!1m17!1m12!1m3!1d3983.179493326031!2d128.949627!3d-3.3057269999999996!2m3!1f0!2f0!3f0!3m2!1i1024!2i768!4f13.1!3m2!1m1!2zM8KwMTgnMjAuNiJTIDEyOMKwNTYnNTguNyJF!5e0!3m2!1sen!2sid!4v1746167682818!5m2!1sen!2sid
348,Adira Finance Basuki Rahmat - Sorong,adira-finance-basuki-rahmat-sorong-1746167996.webp,Jl. Basuki Rahmat KM 8 Kelurahan Klamana,91,9171,9171020,98417,,,,,,,-0.8901534,131.2955242,https://www.google.com/maps/embed?pb=!4v1746167902095!6m8!1m7!1sCAoSFkNJSE0wb2dLRUlDQWdJQ0Qtb3p3Qnc.!2m2!1d-0.8901534150156316!2d131.2955241688358!3f57.347216511173805!4f1.8807754882216017!5f0.7820865974627469
349,Adira Finance Manokwari - Papua Barat,adira-finance-manokwari-sorong-1746168310.webp,Jl. Trikora Wosi Manokwari barat RT 02 RW 14 Kelurahan Sanggeng,91,9105,9105141,98312,,,,,,,-0.8707868,134.0609381,https://www.google.com/maps/embed?pb=!1m18!1m12!1m3!1d3989.3575408164597!2d134.0609381!3d-0.8707868!2m3!1f0!2f0!3f0!3m2!1i1024!2i768!4f13.1!3m3!1m2!1s0x2d540b5e318e9761%3A0x839d2795cb60cb23!2sKantor%20satellite%20(Perwakilan)%20PT.%20Adira%20Dinamika%20Multi%20Finance%2C%20Tbk.!5e0!3m2!1sen!2sid!4v1746168168372!5m2!1sen!2sid
350,Adira Finance Ambarawa - Semarang,adira-finance-ambarawa-salatiga-1746282148.webp,"Jl. Dr. Cipto No. 18, Kepatihan, Kranggan",33,3322,3322100,50611,,,,,,,-7.255758,110.402833,https://www.google.com/maps/embed?pb=!4v1746282031182!6m8!1m7!1sNeh1uvrgzlggRXCgoNKcHA!2m2!1d-7.255917704721144!2d110.4056553791828!3f344.67143249739405!4f4.908432446369915!5f0.9835712861259549
351,Adira Finance Kajen - Pekalongan,adira-finance-kajen-pekalongan-1746282449.webp,"Jl. Diponegoro,  Kelurahan Kajen ",33,3326,3326080,51161,,,,,,,-7.0278446,109.5806533,https://www.google.com/maps/embed?pb=!4v1746282327138!6m8!1m7!1s9FL2kvY8WUzlukO7KaK4Rg!2m2!1d-7.027844558850505!2d109.5806533342592!3f124.45863345812444!4f1.2597282847944484!5f0.6133107878563888
352,Adira Finance Bengkayang - Kalimantan Barat,adir-finance-bengkayang-singkawang-1746282966.webp,"Jl. Raya Sanggau Ledo No.17, Sebalo",61,6102,6102040,79211,,,,,,,0.835989,109.4913217,https://www.google.com/maps/embed?pb=!4v1746282868514!6m8!1m7!1swx9fGCtK6wHglO2qt0xofA!2m2!1d0.8359889866303521!2d109.4913217312102!3f140.34963803059696!4f3.158699348945646!5f0.5065576567414912
353,Adira Finance Bantar Gebang - Bekasi,adira-finance-bantar-gebang-bekasi-1746283643.webp,"Jl. Raya Narogong No.KM-10, RT.003/RW.009, Bantargebang",32,3275,3275030,17151,,,,,,,-6.3129189,106.986677,https://www.google.com/maps/embed?pb=!4v1746283497228!6m8!1m7!1sn1twu1aZ09DUNWFdtUhj0A!2m2!1d-6.312918865837025!2d106.9866770009623!3f15.66593141859972!4f-6.425686567847649!5f1.5968864518874453
354,Adira Finance Blora - Jawa Tengah,adira-finance-blora-purwodadi-1746285559.webp,"Jl. Gatot Subroto No.76, Potlot, Kauman",33,3316,3316100,58213,,,,,,,-6.9699193,111.405038,https://www.google.com/maps/embed?pb=!4v1746285430614!6m8!1m7!1sxmm2xUqC9S0YTt0FCOggLg!2m2!1d-6.969919312848181!2d111.4050379617788!3f212.5694187904826!4f4.269393737788292!5f0.5202170835527999
355,Adira Finance Malili - Luwu Timur,adira-finance-malili-palopo-1746286666.webp,"Jl. Soekarno Hatta No.11, Upt Malili Sp I",73,7325,7325050,92932,,,,,,,-2.6114385,121.1086507,https://www.google.com/maps/embed?pb=!4v1746286565213!6m8!1m7!1sek5Z_BdsZpcpbHUmsBM7Lw!2m2!1d-2.611438548998007!2d121.1086506874368!3f191.44561019852216!4f-2.5822799710740583!5f0.4000000000000002
356,Adira Finance Sinjai Selatan - Sinjai,adira-finance-sinjai-bulukumba-1746288568.webp,Jl. AP. Pettarani Kelurahan Sinjai,73,7307,7307030,92612,,,,,,,-5.1115575,120.2545864,https://www.google.com/maps/embed?pb=!4v1746288460644!6m8!1m7!1sNVFUM9ryNAjr2prwL5OHDg!2m2!1d-5.11155750311057!2d120.2545864436521!3f211.14623054314424!4f-10.8082803240938!5f0.8347872093805357
357,Adira Finance Pameungpeuk - Garut,adira-finance-pameungpeuk-garut-1746288936.webp,"Jl. Raya Cigodeg, Paas",32,3205,3205070,44175,,,,,,,-7.6426258,107.7321335,https://www.google.com/maps/embed?pb=!4v1746288837630!6m8!1m7!1sSyCdMAgoc05cLAHx_6xtNg!2m2!1d-7.64262583372405!2d107.732133548735!3f114.64373072217603!4f-3.3572744945422386!5f0.7820865974627469
358,Adira Finance Atambua - Belu,adira-finance-atambua-belu-1746289358.webp,Jl. Jenderal Sudirman No.3,53,5306,5306060,85711,,,,,,,-9.1054461,124.8962864,https://www.google.com/maps/embed?pb=!4v1746289250740!6m8!1m7!1sJzPqN1k3hAbezFNNuLrq0g!2m2!1d-9.105446081967909!2d124.896286357375!3f63.472902078078604!4f1.787272388445956!5f0.4000000000000002
359,Adira Finance Parung Panjang - Bogor,adira-finance-parung-panjang-bogor-1746290581.webp,"Jl. Kp. Jati, RT.02/RW.06",32,3201,3201240,16330,,,,,,,-6.4290737,106.7314215,https://www.google.com/maps/embed?pb=!4v1746290472425!6m8!1m7!1sPI7-7BKV56cidPhvKcsIZA!2m2!1d-6.429073717534611!2d106.7314215312136!3f111.958945651262!4f3.4014700958090316!5f1.2499152515923904
360,Adira Finance Balaraja - Banten,adira-finance-balaraja-banten-1746293973.webp,"Jl. Raya Serang, Cibadak",36,3603,3603030,15710,,,,,,,-6.1970254,106.4578296,https://www.google.com/maps/embed?pb=!4v1746293852075!6m8!1m7!1s_SPPJL44jo0NgnV9_S_fMg!2m2!1d-6.197025434617776!2d106.457829649047!3f144.90844692776864!4f8.895216697642212!5f0.7820865974627469
361,Adira Finance Kulon Progo - Yogyakarta,adira-finance-kulon-progo-yogyakarta-1754628216.webp,Jl. Diponegoro RT/RW 001/015 Kelurahan Wates,34,3401,3401020,55651,,,,,,,-7.8602108,110.1595968,https://www.google.com/maps/embed?pb=!4v1754625268278!6m8!1m7!1s8cYy1pD7PPqpzSW1QL-eCA!2m2!1d-7.860210756178273!2d110.1595967963329!3f38.70999388270278!4f-5.396162937676806!5f0.42717665658814563
362,Adira Finance Stabat - Langkat,adira-finance-stabat-medan-1754629057.webp,Jl. KH. Zainal Arifin Stabat No.9 Kelurahan Stabat Baru,12,1213,1213070,20811,,,,,,,3.7581735,98.4519348,https://www.google.com/maps/embed?pb=!4v1754629040516!6m8!1m7!1sFbW3EEoANdSptjn0A7DfCw!2m2!1d3.758173527614543!2d98.45193477349474!3f38.167785278877226!4f2.527509619971582!5f0.7820865974627469
363,Adira Finance Akasia - Pangkalan Kerinci,adira-finance-akasia-kerinci-1754631644.webp,"Jl. Akasia No. 58 E-F, RT 001, RW 005, Kelurahan Pangkalan Kerinci",14,1405,1405020,11840,,,,,,,0.391578,101.8486743,https://www.google.com/maps/embed?pb=!4v1754631567573!6m8!1m7!1soVrbPzncyJU613OygrHuhQ!2m2!1d0.3915779885284479!2d101.8486742684249!3f194.48025889317162!4f6.670919441199487!5f0.9336283778813382
364,Adira Finance Randudongkal - Pemalang,adira-finance-randudongkal-pemalang-1761625980.webp,"Wanarejan Selatan, Wanarejan Sel., Kec. Taman, Kabupaten Pemalang, Jawa Tengah",33,3327,3327090,52361,,,,,,,-6.8925122,109.4027641,https://www.google.com/maps/embed?pb=!1m14!1m8!1m3!1d31687.872303872486!2d109.4027641!3d-6.8925122!3m2!1i1024!2i768!4f13.1!3m3!1m2!1s0x2e6fdae0ad96e233%3A0x3ec449c87da11b1e!2sADIRA%20FINANCE!5e0!3m2!1sen!2sid!4v1761625949761!5m2!1sen!2sid
365,Adira Finance Belopa - Luwu,adira-finance-belopa-luwu-1763528142.webp,"Komplek Barana Pance, Jl. S. Pareman No. 11, Kelurahan Pammanu",73,7317,7317032,76134,,,,,,,-3.3731195,120.3660571,https://www.google.com/maps/embed?pb=!4v1763528105823!6m8!1m7!1spkaEC458Go4dxKvnZBnCEw!2m2!1d-3.373119486231351!2d120.3660571321257!3f264.2132941103606!4f-0.6215655474204027!5f0.7820865974627469
366,Adira Finance Rumbia - Lampung Tengah,adira-finance-rumbia-lampung-tengah-1763529271.webp,"Jl. Desa Rukti Basuki (Pasar Lama) Dusun 2, RT 001/RW 001",18,1805,1805120,34157,,,,,,,-4.7640127,105.5308672,https://www.google.com/maps/embed?pb=!4v1763529099587!6m8!1m7!1st0WV4WS_2noswv0ETxcFcw!2m2!1d-4.764012717274277!2d105.5308671599328!3f211.22124243381268!4f-11.076899751194816!5f0.7820865974627469
367,Adira Finance Nusa Penida - Klungkung,adira-finance-nusa-penida-klungkung-1763533128.webp,"Komplek Banjar Sampalan, Jl. Batununggul, Kelurahan Sampalan",51,5105,5105010,80771,,,,,,,-8.6741843,115.5609125,https://www.google.com/maps/embed?pb=!1m15!1m10!1m3!1d3!2d115.5609125!3d-8.6741843!2m1!1f0!3m2!1i1024!2i768!4f75!3m3!1m2!1s0x2dd2730050c83779%3A0x7193b64715c057aa!2sAdira%20Nusa%20Penida!4v1763533108917
368,Adira Finance Slawi - Tegal,adira-finance-slawi-tegal-1763533633.webp,"Jl. Gajah Mada Ruko Grand Safira City No. 3, Kelurahan Karang Moncol, Kalisapu",33,3328,3328100,52416,,,,,,,-6.9895818,109.1276152,https://www.google.com/maps/embed?pb=!4v1763533536985!6m8!1m7!1sG79UiA9eFtfcfTwZgaOJjA!2m2!1d-6.989581783090966!2d109.1276151516228!3f95.03571323538398!4f1.4265788863763476!5f0.7820865974627469
369,Adira Finance Karya Etam - Sangatta Utara,adira-finance-karya-etam-sangatta-utara-1769742640.webp,"Jl. Karya Etam No.224, Sangatta Utara",64,6404,6404040,75683,,,,,,,0.5000503,117.5366961,https://www.google.com/maps/embed?pb=!4v1769742593881!6m8!1m7!1sL1X_4EP-DyXeRAhneuIsyQ!2m2!1d0.5000502525627819!2d117.5366961051564!3f216.24019461866214!4f1.7109572988583466!5f1.74274771212376
370,Adira Finance Ampah - Barito Timur,adira-finance-ampah-dusun-tengah-1769743756.webp,"Jl. Pahlawan, Ampah Kota",62,6212,6212050,73652,,,,,,,-1.7927022,115.1498329,https://www.google.com/maps/embed?pb=!4v1769743585753!6m8!1m7!1sPedViZ3URAinqQUbhrLhMw!2m2!1d-1.792702228478983!2d115.1498328642264!3f289.95367!4f0!5f0.7820865974627469
371,Adira Finance Maumere - Labuan Bajo,adira-maumere-labuan-bajo-1786355601.webp,"Jln. Frans Nala, Desa Batu Cermin RT 007 RW 002, Labuan Bajo",53,5315,5315010,86554,,,,,,,-8.621344,122.212896,https://www.google.com/maps/embed?pb=!1m17!1m12!1m3!1d3944.7357954449794!2d122.212896!3d-8.621343999999999!2m3!1f0!2f0!3f0!3m2!1i1024!2i768!4f13.1!3m2!1m1!2zOMKwMzcnMTYuOCJTIDEyMsKwMTInNDYuNCJF!5e0!3m2!1sen!2sid!4v1786355572596!5m2!1sen!2sid
372,Adira Finance Karawang - Rengasdengklok,adira-rengasdengklok-1786420218.webp,"Jl. Amansari RT 009 RW 003 , Amansari",32,3215,3215150,41352,,,,,,,-6.18468,107.296235,https://www.google.com/maps/embed?pb=!1m17!1m12!1m3!1d3966.5968028211696!2d107.29623500000001!3d-6.184679999999999!2m3!1f0!2f0!3f0!3m2!1i1024!2i768!4f13.1!3m2!1m1!2zNsKwMTEnMDQuOSJTIDEwN8KwMTcnNDYuNSJF!5e0!3m2!1sen!2sid!4v1786420195330!5m2!1sen!2sid
373,Adira Finance Kendari - Raha,adira-kendari-raha-1786422069.webp,"Pertokoan Laino. Jl.Lumba-lumba RT/RW 002/003, Laiworu",74,7402,7402073,93614,,,,,,,-4.816757,122.733574,https://www.google.com/maps/embed?pb=!1m17!1m12!1m3!1d3975.7276537607354!2d122.73357399999999!3d-4.816757!2m3!1f0!2f0!3f0!3m2!1i1024!2i768!4f13.1!3m2!1m1!2zNMKwNDknMDAuMyJTIDEyMsKwNDQnMDAuOSJF!5e0!3m2!1sen!2sid!4v1786422044420!5m2!1sen!2sid
374,Adira Finance Bengkulu - Argamakmur,adira-argamakmur-bengkulu-1786422444.webp,"Jl. Ir. Soekarno. no. 3 , Rama Agung",17,1703,1703060,38614,,,,,,,-3.4408256,102.1832139,https://www.google.com/maps/embed?pb=!4v1786422419133!6m8!1m7!1sgue2Hvh1ESjsIjIbB6shRg!2m2!1d-3.440825577539766!2d102.1832139430624!3f155.80740280428319!4f1.4134196393906677!5f0.7820865974627469
375,Adira Finance Muara Bungo - Sarolangun,adira-sarolangun-1786422967.webp,"Jl. Lintas Sumatera,KM 1, Sukasari",15,1503,1503040,37481,,,,,,,-2.3065231,102.7286279,https://www.google.com/maps/embed?pb=!4v1786422946296!6m8!1m7!1sb3MSz016aF8RUxmT8HRrvA!2m2!1d-2.306523088448791!2d102.7286278996061!3f52.991009067860425!4f6.087456034093634!5f0.9410588415288108
376,Adira Finance Muara Bungo - Muara Tebo,adira-muara-tebo-1786423307.webp,"Jl. Lintas Tebo - Bungo Km. 3 RT. 01 / 05, Tebing Tinggi",15,1508,1508020,37571,,,,,,,-1.4652818,102.4362029,https://www.google.com/maps/embed?pb=!4v1786423288869!6m8!1m7!1sGjhVBpEc7a4zy6aNh2wrkw!2m2!1d-1.465281790899451!2d102.436202869933!3f214.3635027006688!4f1.50154735153302!5f1.3086913980966732
377,Adira Finance Pariaman - Lubuk Alung,adira-lubuk-alung-1786424041.webp,"Jl. Padang Bukittinggi, Lubuk Alung",13,1306,1306020,25582,,,,,,,-0.66266,100.285061,https://www.google.com/maps/embed?pb=!1m17!1m12!1m3!1d3989.551478131845!2d100.285061!3d-0.6626599999999998!2m3!1f0!2f0!3f0!3m2!1i1024!2i768!4f13.1!3m2!1m1!2zMMKwMzknNDUuNiJTIDEwMMKwMTcnMDYuMiJF!5e0!3m2!1sen!2sid!4v1786423972583!5m2!1sen!2sid
